Title,Price,Shipping,Location,Link
Shop on eBay,$20.00,,,https://ebay.com/itm/123456?itmmeta=012DEW30YG0MEEKND7NH&hash=item123546:g:acwAA9KNiJowH:sc:ShippingMethodStandard!95008!US!-1&itmprp=enc%3AbgepL1tlUHjMGCVfSTGJh%2BzsVKeJ3CQk7NizDI4BZeppuFnmyS6Ijyp8lh%2FnEw%2BWqO7uTV1Q6izE1R0T54aV8j71F4xlWfVcGft4%2FiOQhtqVXA1rW6M1atPARQRmhqUxtEPJKhKtSFgI%2Bvwlzb0GwVCtkp%3ABlBMUObkmabpYw
Shop on eBay,$20.00,,,https://ebay.com/itm/123456?itmmeta=012DEW30YG0MEEKND7NH&hash=item123546:g:acwAA9KNiJowH:sc:ShippingMethodStandard!95008!US!-1&itmprp=enc%3AbgepL1tlUHjMGCVfSTGJh%2BzsVKeJ3CQk7NizDI4BZeppuFnmyS6Ijyp8lh%2FnEw%2BWqO7uTV1Q6izE1R0T54aV8j71F4xlWfVcGft4%2FiOQhtqVXA1rW6M1atPARQRmhqUxtEPJKhKtSFgI%2Bvwlzb0GwVCtkp%3ABlBMUObkmabpYw
Shop on eBay,$20.00,,,https://ebay.com/itm/123456?itmmeta=012DEW30YG0MEEKND7NH&hash=item123546:g:acwAA9KNiJowH:sc:ShippingMethodStandard!95008!US!-1&itmprp=enc%3AbgepL1tlUHjMGCVfSTGJh%2BzsVKeJ3CQk7NizDI4BZeppuFnmyS6Ijyp8lh%2FnEw%2BWqO7uTV1Q6izE1R0T54aV8j71F4xlWfVcGft4%2FiOQhtqVXA1rW6M1atPARQRmhqUxtEPJKhKtSFgI%2Bvwlzb0GwVCtkp%3ABlBMUObkmabpYw
Shop on eBay,$20.00,,,https://ebay.com/itm/123456?itmmeta=012DEW30YG0MEEKND7NH&hash=item123546:g:acwAA9KNiJowH:sc:ShippingMethodStandard!95008!US!-1&itmprp=enc%3AbgepL1tlUHjMGCVfSTGJh%2BzsVKeJ3CQk7NizDI4BZeppuFnmyS6Ijyp8lh%2FnEw%2BWqO7uTV1Q6izE1R0T54aV8j71F4xlWfVcGft4%2FiOQhtqVXA1rW6M1atPARQRmhqUxtEPJKhKtSFgI%2Bvwlzb0GwVCtkp%3ABlBMUObkmabpYw
Men's Canvas Cross Body Bag Messenger Shoulder Book Bags School Satchel Vintage,$19.99,+$31.88 delivery,Located in United States,https://www.ebay.com/itm/334520114836?_skw=bag&itmmeta=01K23WA7F4BG681SMT348F41R2&hash=item4de2f3de94:g:GhUAAeSwCGBofvyF&itmprp=enc%3AAQAKAAAAwFkggFvd1GGDu0w3yXCmi1elQUAGFhnsRkvWV42BwqJZ5xznE%2FneUf14Gm%2FC1rgQfO2OSqszyB98SHMsnOfDqGVfZoFk4%2BDwWVISh4o7m2T4VWptUKFrlRRRCF0ZoH9E6AV1Briil5%2BcQv8%2FW%2BVz0wqhSET01j6LJd17RHG0M7ESdDc20CV%2BilRfjiSrxvSQJ5udpuij7p%2BJ95mlOgvYotodQ4z8ATaPbTMRnQ9hzO2Pt9--tEfy1cO8gqwisnYmvw%3D%3D%7Ctkp%3ABlBMUIL4qPyQZg
Authentic Hermes Clutch Bag Pallonnier Vintage - 27.5cm - Black Crocodile,"$10,999.94",+$50.00 delivery,Located in Canada,https://www.ebay.com/itm/126723893152?_skw=bag&itmmeta=01K23WA7F4AP6FE180V6ZY5VY6&hash=item1d815527a0:g:K-MAAOSwkU1nDaA1&itmprp=enc%3AAQAKAAAAwFkggFvd1GGDu0w3yXCmi1dmcRjuL0g7vUJojogPuYmSNLDNxxQWWEKrhygNR17CI27hnkAzyBroyhmqOULpnTf6twjM22HOTnoq4XmjoP42pMsdX9ddaMK6CUuczsybvPcgpU4fdsqoKvZPQvoXjlKOlENwpBD294il3W1GAWl6eS%2FCfBGYj9NT3jSkPrJWREEj%2B1IwMNGQJZFHO3atYbERKF8X0Tl2TR5cfPKSLXY%2BhSbSTH4LYcPGitq4EfPp9g%3D%3D%7Ctkp%3ABlBMUIL4qPyQZg
Celine Supple Calfskin Teen Soft 16 Bag Arctic Blue NEW w/tags Retails $3250,"$1,998.00",Shipping not specified,Located in United States,https://www.ebay.com/itm/326505084262?_skw=bag&itmmeta=01K23WA7F4XSTSKX4N9Z43KZPH&hash=item4c05383566:g:uBoAAOSw3nNn5WPv&itmprp=enc%3AAQAKAAAAwFkggFvd1GGDu0w3yXCmi1emXj1dQQInzPYjgHg54Yz3gVh6RRWo4Ia7RS70RzpRrAUlp0XRFM1%2FLCL9Id%2F5YqroVKywOH%2BpMLMIRQwjJaJd3XKsMXn7ow5rV3dOlCXWfah9HWqOHCwpeOgZePGYE7l%2FvCDxB5MVddEN4BqEOXVSc5vc8e5kq8tL5O5b5KI3bBvgvjxFGa%2FBZbr%2FMvkd2xGjpwMnYAaoKZwXJ6czAehW9gnHZPr5Sy7ZxTx5vGgJyg%3D%3D%7Ctkp%3ABlBMUIL4qPyQZg
New Guess Travel Makeup Cosmetic Bag Color Black Multi Guess Logo Large New,$39.90,+$32.47 delivery,Located in United States,https://www.ebay.com/itm/326564776903?_skw=bag&itmmeta=01K23WA7F4GPFD8P0PJKF1SGWW&hash=item4c08c70bc7:g:9fcAAOSwPYhoF-k7&itmprp=enc%3AAQAKAAAAwFkggFvd1GGDu0w3yXCmi1eCfN1J8vul2Z7cGHCe5UbdmlObOUdjjK1rC5mQetAnerAP%2FoyfYQXF7cBUeku8yhzWYMR2I0Hd8Nt%2Bc%2BgTgVHyQG1NlFAfGMR3N7lu86P2EDNs5Lu6imd80HZ3dbUfiZ5Q8E6XqsbosObi%2Fpi%2FDw7aciOqUQxDjzAkIqzHCXMpBNdjZR2kvn7yO5YHjAZCiDv0LiQclgW2CB2Vwslxte1q%2FyiO%2FkPlsmAgNgyU%2BNhtWA%3D%3D%7Ctkp%3ABlBMUIL4qPyQZg
Italy Leather Woven Bag Hobo Trapezoidal Shoulder Bag (Long Handle),$161.27 to $174.28,+$6.50 delivery,Located in Australia,https://www.ebay.com/itm/405701732443?_skw=bag&itmmeta=01K23WA7F4CR5V2Z6BBKW5EDS6&hash=item5e75b5285b:g:LUsAAOSw64xn5dj3&itmprp=enc%3AAQAKAAAAwFkggFvd1GGDu0w3yXCmi1dazLP%2FFvu3FV5cccKy--B1XLxQTNfP%2BbO7Vk0oJjU4Shj8hOagHrWrSMkG6NkJ5N%2BemLjaSgvFcFW3bQJIfqTGwgQxeNDlGnIAgal9jeWRHsXdZeige1gFToiV1cpaxDGQMyF0NgKLh2VOHNoM69S5V6X2AeRUJhBLqW0z8PqXtT1FvD5uUCgxX9YilCUHsuVxNZHao27ZvAea3DItiYAYSjYFiKE%2BvKSD0s%2Br%2F1wmwQ%3D%3D%7Ctkp%3ABk9SR4L4qPyQZg
COACH CT721 Cargo Soft Tabby Black Leather Shoulder Bag Outlet New,$125.99,+$38.09 delivery,Located in United States,https://www.ebay.com/itm/336110484499?_skw=bag&epid=6068895158&itmmeta=01K23WA7F4TG1W8RNKW9QVKPBP&hash=item4e41befc13:g:kQ0AAeSwAS9okyFf&itmprp=enc%3AAQAKAAAA4FkggFvd1GGDu0w3yXCmi1dxFC0ENVNaH7Oiq2d%2Bv2O6dBGoRLZl34PZQckC%2BtYQerIbxboIY2Nbu%2FK30Qtyyi%2FgVFQ9b4i%2Fh0oRctRG27HxUFO5YpXVV7wsQM%2BkM%2Fe1KegszcnOaMObYvbCfzx4efEBd4XC%2BbJEcC07pXsfkuFAGkS246C2GrKK%2FPKbW3poMuutHGnguTS37RpLCODE4k9ag4DH0AEB%2FUlDcON13cC7qjG%2B8r%2BI2fuJVwIi0mCQM1u3UdpFUzYZqS4CsdqUr3OyU5E%2BHo00UZnfmwgVhohi%7Ctkp%3ABk9SR4L4qPyQZg
"Trader Joes Reusable Canvas Eco Tote Bag Heavy Duty Bag Blue White, NEW",$7.29,+$21.91 delivery,Located in United States,https://www.ebay.com/itm/267203166924?_skw=bag&itmmeta=01K23WA7F47H8ZJZ7GGVM3W8E7&hash=item3e368cc2cc:g:Hl4AAOSw7ydmzMuF&itmprp=enc%3AAQAKAAAA4FkggFvd1GGDu0w3yXCmi1fX2jjoHL5IfSB%2FpGFefy5lIqArvzg2C1j4IotlL9YcSXVk7k19krTIeqm0feaatONRAis%2BmqFB68cjvCZbZsaX%2FGY%2BdafY%2BS2DW3ZgADRBDNsrJH6EbGE9lSlbmZu44PzJaV3uzP8uTKSdyasWlwQm6O3nO7C%2FLzL4LNLVZSw1AtXr6ETYU%2FJy2FG6qyb2z7JVMzAsoo0%2Fm%2FYIpxYFSlBENdbs0uzYoWNqlo%2BUF6uBX7aEyXFYTmpQXLUFe7UHLrEvN%2FkfCNb%2F4tth1g4jEiAf%7Ctkp%3ABk9SR4L4qPyQZg
Dooney & Bourke Pebble Grain Darcy Satchel,$129.00,+$42.63 delivery,Located in United States,https://www.ebay.com/itm/205024636316?_skw=bag&itmmeta=01K23WA7F4B8KTRQ5JN9YGXBMW&hash=item2fbc6bad9c:g:PhsAAOSwLhFnECIr&itmprp=enc%3AAQAKAAAA4FkggFvd1GGDu0w3yXCmi1f%2BGR4yuOs6gRM9FoQHLFgyIWecXFTVumUnLlbbHF%2FlqmdTCVcAiZU4484bVTuf1lFznnd3D1GEPQKN9hyCJdMRaHk350tYTryXPPQsNPb7sKtyoKx80ZMGxQfNzpXVl67uBtgVeCzvaPGiv7TIoy%2B3GYhDJF2WGLDd8tWWGKTvr9r6GivgaGmJIV9d6pQcgsZtVuaABzTYN7JIGEXGQtSnWiTYi%2BUWIqen%2Fpgs%2BOBxNBGOaBebILcK2UOjZnKqTN1M%2BmV1fYeWRKd%2FkQcBaxru%7Ctkp%3ABk9SR4L4qPyQZg
Large Everyday Straw Woven Summer Tote Bag Beach Fashion Handbag Shoulder Purse,$39.99,Free International Shipping,Located in China,https://www.ebay.com/itm/315402789548?_skw=bag&itmmeta=01K23WA7F4MC592G05JZ5322RF&hash=item496f78a2ac:g:Rl8AAOSwih1knOC~&itmprp=enc%3AAQAKAAAA4FkggFvd1GGDu0w3yXCmi1dNAy%2FJXGCQYbhKGbDYUgmi8JENnH5KBDt5n9w%2BQiFFw6UO2343RqxXBWTlKcE8kll34dvAM62%2B7EJ%2Bmh5YyBEETdI7JCq87sJHqMabarIU1anTVzN9Z0fssL%2FvSZMEPitZcshln9z8Z1i%2F24RueRlNPljBjXWiFeuHsXpaEGJBVtlxft9CtguDwW6lm%2B2e9fBJDDXodahgvgGoRlcZjRDr6Nz7h0MIc0041Urv1F09mrf5r0uSDcslIVYWhXse0uXnA8I70cWLC0cIHjRUBQT2%7Ctkp%3ABk9SR4T4qPyQZg
EASTBOY School Bag Synthetic Leather Bag Classic Black NEW JAPAN,$159.00,Free International Shipping,Located in Japan,https://www.ebay.com/itm/405648746851?_skw=bag&itmmeta=01K23WA7F4HDH6H4WMSQAXZRB9&hash=item5e728ca963:g:g64AAOSwJA5n0r8B&itmprp=enc%3AAQAKAAAA4FkggFvd1GGDu0w3yXCmi1dHH89L2sJDkCAiWmdXbZ2sxj1deUJggvlfAXIdjlD9x2VxfooCn7PQNWxrkEzuRvh%2FBqiarRFdA%2FECk4578Bf8%2Bc0EB3r8udsFP2mfcgjPFPzwx3T%2BCNTSeLLpRpKRXWnjNu7bvBYxjl6X9cpdS08Hwzd6eRXuzkTtVGxkVKa4mIUqT91raDp7f7uwlwUZVSbsK8p5VdaC6bEienmhEHHTBsO%2FmQ4OLf7d781Ce414cRUol7oyd7zTD044XI4lmA%2Bhvy3GS8UCfwsA0K5bwA2Z%7Ctkp%3ABk9SR4T4qPyQZg
Angel Kiss Women Handbags Soft Leather Shoulder Hobo Large Capacity Travel Bag,$38.11,Free delivery,Located in Australia,https://www.ebay.com/itm/177010423282?_skw=bag&itmmeta=01K23WA7F4PEZD66VD0DRSWZY0&hash=item2936a4b5f2:g:fDgAAOSwGHln~RJK&itmprp=enc%3AAQAKAAAA4FkggFvd1GGDu0w3yXCmi1dy2RUtJt9hIE6XYtf%2FtnX7WghXTrPF7XAoXsVMHbTxPPJzsmgUdZiMSi3m6XGRP%2BmKfx%2Fa0mScE%2B0oDv78TsK2FCdS1rL89J7cAsR23PNThowdrPrM3hl%2B1oYjFr5AEsmDRJm1Zf0A8PwTY2imAPtgvG%2B%2FLmzAZUp8CbzlrjQQh5bQ%2B8QFKcyrpQ8nq9dQA0WSz%2FwXBjj0k7RRcKODJY3L1v0Lfi6KZuAjto6PsM5ynDf4QukmNOUtWOIpXYrqJPnY3KzMeOskJ%2FjqEa1PYoch%7Ctkp%3ABk9SR4T4qPyQZg
Christian Dior Mesh Tote Bag Novelty Black See through CD Authentic New Japan,$102.50,+$20.00 delivery,Located in Japan,https://www.ebay.com/itm/396927994844?_skw=bag&itmmeta=01K23WA7F4WH4J1AFJFSCSK4RX&hash=item5c6ac08bdc:g:fRoAAeSwvuVokAou&itmprp=enc%3AAQAKAAAA4FkggFvd1GGDu0w3yXCmi1dvwiQDcjc4ccYuFNxDflzeMf7kMkTn3MdfmDSirxtkHp6lh1Qeu0sgVu528vrTJ5FraVkb4IjKi0X7sfyLNWPiZogrBUrom%2FIPfSiNxC%2BjOOuqMO434nWIC6mnK1vgy8Hg%2BEDOTev4s2kM819N%2B%2F67NNaT18uRIxUrwCycyI385jO%2BDo2Ux5S4DD59jP7KDMQ1i4biDRoGtPzf1kILOZg3YwedFEFGENMIP4rRzJY%2FiSZP2YkV6NPu7OwahINjurTuULqhK5uYEf90AKQ2cZYp%7Ctkp%3ABk9SR4T4qPyQZg
COACH Tabby Shoulder Bag 26 Leather Black CP150 Outlet New,$137.87,+$4.00 delivery,Located in Japan,https://www.ebay.com/itm/156471977143?_skw=bag&itmmeta=01K23WA7F4HJWCEAX3Y34DGNXE&hash=item246e74e4b7:g:YsEAAOSw99FnGCpa&itmprp=enc%3AAQAKAAAA4FkggFvd1GGDu0w3yXCmi1fwl0TZDrf370Ej9GqZKLj6gi584GMAw1T5v6h9m5WT%2FC2ZINEfvAfqSbvULq73AIeXR2Ta5NPZo10eYucf1JIEOevu8YbKarQR0R1SFci3ZrMGxhCBir%2BEFayTY1v0YQzFq5%2B4fJqPrQdi4Aup1NXMbNhkLB4RydVCO4HUdghfXxuGuF7dPMw%2B4TNrIdoICWSkVjvI1jpxx8MrshqgU%2F7%2FpnGWTSoA5io4PRdUxmHtKO4vwWZ18zslErYnPiWLPuYZJY8F5izvyknw3iWLjFBN%7Ctkp%3ABk9SR4T4qPyQZg
FURLA Shoulder Mini Bag Size 16cm Bird Design Chain 120cm pink gold used S01 ,$256.11,+$23.00 delivery,Located in Japan,https://www.ebay.com/itm/226740902536?_skw=bag&itmmeta=01K23WA7F411B6NPQ7YD3Q5W1Y&hash=item34cacf9a88:g:UlAAAeSwWjNoHI7N&itmprp=enc%3AAQAKAAAAwFkggFvd1GGDu0w3yXCmi1c7Jd4by6RtpFGQicpGBsHX%2BQ%2BlTsJHPDP3M5c3f8snUAdkKMYoPAd5bLhyRxR2GycQa1nMRhcwYoY9KMBgycwCgl2wuS5O%2FG9hdM0dRPwDx%2BRFNcDaA7ew3Ff7oNQEykUz3WA7W9uo5oc2WxXRxO3J3IBz32m0RasF5hORMnNJ70kyDGwFzn4URMT2wQjKWPs4jjDse7KP8IIoz3yci7CaHhOBqWFxPExJLOk%2BrtEPEA%3D%3D%7Ctkp%3ABlBMUIT4qPyQZg
New outdoor mountaineering bag men's and women's large capacity backpack、travel ,$18.19,Shipping not specified,Located in United States,https://www.ebay.com/itm/336106879873?_skw=bag&itmmeta=01K23WA7F4YTHPE5KYX8VY5VXB&hash=item4e4187fb81:g:MKMAAeSwrF9okH~9&itmprp=enc%3AAQAKAAAAwFkggFvd1GGDu0w3yXCmi1cXrcTAk73LmehIlhLIC6ivF028PRevRGgqMPilidIjdBivbBSO1KBeiX0Wbb%2B5zMD5%2FgAzOhb%2BHjkI3uAM1kUm2xv2EygLpZ6SELMsX2zzdSCoqs674%2FJyXR3Vq8JuPN6myAZ2K60hoXrfxI6k4INNvJBmEF1u4RbZqZ4XfjUe4LuGAxP03PdUuyie9t6PqKI0M9gCxUBclz6R0dM1e0iEv314UMr6TktD8m6Dy53DUg%3D%3D%7Ctkp%3ABlBMUIT4qPyQZg
Ferragamo Ladies Pink Small Leather Studio Box Bag,"$2,150.00",Shipping not specified,Located in United States,https://www.ebay.com/itm/405680781554?_skw=bag&itmmeta=01K23WA7F4PEMGZ652Z2YPVNEP&hash=item5e747578f2:g:i70AAOSwD-xn3PLn&itmprp=enc%3AAQAKAAAAwFkggFvd1GGDu0w3yXCmi1f5ZFb9XmW3btuz5x%2BqrM9lycX1jcRGVEuf6zXljLSLnAt3MD3GR%2BybLMUNNEvhunhdvOl%2BW4%2FklYAyMFIPC00vpfcwcu%2F%2BHAR%2F7wfADAH5L2gLDUww86w%2BUpWFf6ZpG7qYfKM61b6xO5TNMJDIIudrbfdBRYpNY1RyoD9ynPdh7vmMbbqZIOQ85zwtTidrY6AsNefmXYQw5ULDsChpIG41EyfMXvqVPe%2BtcTO3MiO0vA%3D%3D%7Ctkp%3ABlBMUIT4qPyQZg
LONGCHAMP Le Pliage Original L Tote bag Black - Recycled canvas New,$127.00,+$12.00 delivery,Located in Japan,https://www.ebay.com/itm/396115584989?_skw=bag&epid=1443130748&itmmeta=01K23WA7F45MB5CSP9KCRT45TC&hash=item5c3a5427dd:g:LZ4AAOSwmFhnginM&itmprp=enc%3AAQAKAAAA4FkggFvd1GGDu0w3yXCmi1cZf8ewgQPIvGJrZz0yq%2B6QUL89CrxukY%2BUhtFdzksm3dElpv4fGRIkAdX5ZgC3RW1Idw%2Fx64WSkdBHzLSe9l2Io0GV1Gm0UKyA0mL%2BnuheVCGkXRrQsHDeV4WZbb78RHW29JtTseQCZcFXnuviHCr68yr3rgCfkXlaL4N9heKayZ8BrEp%2FosRTduG%2B%2BqntxMUVQy3GUzFk7cpdlmV%2FpfCtegbwUgP8HpFW%2BMyzdUnIkD1rhXONCB8%2BOOpPcvAjV4LWH%2BIHaDEWHACnZ4e5E3xB%7Ctkp%3ABk9SR4T4qPyQZg
Yves Saint Laurent One Shoulder Bag Mombasa Brown Metal Handle 116049 w/Dust Bag,$685.00,Free International Shipping,Located in Japan,https://www.ebay.com/itm/145666920906?_skw=bag&itmmeta=01K23WA7F4QFATED561J4CHHXN&hash=item21ea6cd1ca:g:E-0AAOSwrONoJqUC&itmprp=enc%3AAQAKAAAAwFkggFvd1GGDu0w3yXCmi1eGJ0fk7x0E9GxTgwRpqJZu0rgvyCJx%2BFifr2VgXCOef8hM4LCEkcPHCUimeYRQeenB5RAX%2BTYbkJpPtsp%2FaxyWYmgLiWI6VluN0n8vQY19nSdzet0yvxJFIBTpsmnlILBBGgJlGu4ar7P%2BfLPlK7A1cJRKy%2FALAMDTjgCXCHCW0jju98wSE3o0fEgg8hxbBtSLbhitRlPnSMw%2Basfgpd1xMrjlfbFnuTMBUaxlBGNV%2Bg%3D%3D%7Ctkp%3ABk9SR4T4qPyQZg
Artisan Himalayan Multicolor Boho Hippie Shoulder Bag Crossbody Beige Pattern,$18.99,+$15.93 delivery,Located in United States,https://www.ebay.com/itm/204406644673?_skw=bag&itmmeta=01K23WA7F4YVCBD5Y6YD9KWF5T&hash=item2f9795dfc1:g:FnMAAOSwJ19kvjx5&itmprp=enc%3AAQAKAAAA4FkggFvd1GGDu0w3yXCmi1d847--CYRCf7fvrzEgj9OQETWjl%2BwtEW0kqKBdHgSXViw0QHig9bcb1vVbMDoERbKdYILPm0TVxt7eSfQn2v09R%2BFLDnZ1BxJIQPoItZAC%2BqXTefmUWMhRppqHRvKCpHGouH7E31S%2B%2FfYiJt9FL2mZ6nzALLrhoaGC3k5Yh7jcsWS0lKeeUeB%2Bp1Ro02jPJI98987BqCKDHHyf9bwXW%2BiA823pvyqYlhbNYf6xWka0jGBkyWJqH%2BBcvtCN5Ds3YCKzBhyNeFWGlRJvGynExmIL%7Ctkp%3ABk9SR4T4qPyQZg
Leather Genuine Bag Travel Men Duffle Gym Luggage S Vintage Overnight Weekend,$59.85,+$9.00 delivery,Located in India,https://www.ebay.com/itm/146626222629?_skw=bag&itmmeta=01K23WA7F4JHQ32WWNH848MCRQ&hash=item22239a9a25:g:qqYAAOSwxpxoQC8-&itmprp=enc%3AAQAKAAAA4FkggFvd1GGDu0w3yXCmi1cLwOSoCYQFFR3Khpaxnv3dcqDDatYkkKt9Ubna0W7GJ4Vj0gTMpArgwcHRDuPrf7fo8FYd7skHhMByAPxa3m5rNPcLDQNN1vAfh5Y%2BGstVJWyO%2Fx2CMorytzB0K8c57JuQoWFKCf%2BO2gTI9vTJH8QXSPNxd6JOgeyJWHqD%2FxE%2FKZT5XDgNlK%2B3rsXQklGPVPlzgzspdMd3o8kqUHHM4NuSTy997pXrTNKlL0RG0CUPhgXVdTeHbubudBR0lw69EIuIJQAPe8u2WKEPU7EUMulW%7Ctkp%3ABk9SR4b4qPyQZg
Crossbody Men's Messenger Bag Leather PoloS Handbags Shoulder Travel Bags,$20.99,+$5.99 delivery,Located in China,https://www.ebay.com/itm/236111675371?_skw=bag&itmmeta=01K23WA7F4Z3YPTBBF08F5JS49&hash=item36f95a3feb:g:OooAAOSwHIhoLClF&itmprp=enc%3AAQAKAAAAwFkggFvd1GGDu0w3yXCmi1dBBkPcynTcLiSD0rXB2Qf0EHit7bDd%2FpLQfJ6GDd0buqetwT0Yn342eJo%2BQwwc91Yl5UV8l8ad5b%2FgMmfGmqe9rND%2FAGVhvMGzCGGnmnBrBjfquPqrDgGhISk5As2cF%2FXnlRQ4eVdUR8uS%2BkBH3U%2BXA%2F5yu%2FocTeF%2B4PT2ESAeqlhr9iQGiXxAvY9o27UyQnv0qlKuh2wvhLhveopkH8MNWUUYTsySjUl0BkA7yp6Igg%3D%3D%7Ctkp%3ABk9SR4b4qPyQZg
Oroton Clara Mini Bag in Black (Brand New),$152.82,+$7.25 delivery,Located in Australia,https://www.ebay.com/itm/376465223603?_skw=bag&itmmeta=01K23WA7F4C21WE8ZRCWCRJESG&hash=item57a7136fb3:g:sdcAAeSw9LdoNtSn&itmprp=enc%3AAQAKAAAA4FkggFvd1GGDu0w3yXCmi1ejBC7ZcdJwuycQ4CXfI4wGRWQEkC5A88rPvwQf7BOQZCeG1V9bvREuXVYdC7J5BtlEg7g80aLFktIF1T7OzzuRy4F2ui7hr2IsEZM0U5%2BcPjRemoZ5jyj0tXXCkPw%2BW0U9uibJtJ8DbXjcnjzq6kY%2FLsGwN8rSRQIs%2Fkh1HcAdu2y6Sr9C2OUh73ZaSUQp7hsZFZApOYjEYMAlWSt0GNE%2Fl6hsmkLRRO7ibwcX7e5vHoNKvrYzbv18Af73G5V98kIpqvU6IvVGFRRIpA9zOree%7Ctkp%3ABk9SR4b4qPyQZg
EASTBOY School Bag Synthetic Leather A4 Size Black,$118.00,+$25.00 delivery,Located in Japan,https://www.ebay.com/itm/405263517731?_skw=bag&itmmeta=01K23WA7F4YF4XRKRWM5M7PXBM&hash=item5e5b968823:g:USkAAOSwDwJnhdpq&itmprp=enc%3AAQAKAAAAwFkggFvd1GGDu0w3yXCmi1fSsoexFQvIz44nEBnKQdWb7Mt%2FGs0fElpQbOvhtNr%2B9XuclC64%2FxSPiXP0U%2FqASzVxtyN5j8bFQiLisURFimPBAdxpWl4tUple3M9fvhKghFMoAMr4A7%2Fm0TI%2FsVi2NXo288qIfXrTUSkfRQNRi6P4sEX7N1cv3Vz5my0yBiimrlFKmJfmxDQlGJfraTJvT8twjoKz8%2FzwTGi3vTso0x6cBsem3B%2BnWRCqkGP2fZJP1Q%3D%3D%7Ctkp%3ABk9SR4b4qPyQZg
Dooney & Bourke Florentine Medium Russel Bag,$249.00,+$46.53 delivery,Located in United States,https://www.ebay.com/itm/186712328455?_skw=bag&epid=1208311319&itmmeta=01K23WA7F45TZ319VSJM1RDMRD&hash=item2b78ec0907:g:81AAAOSwfEVnkNXm&itmprp=enc%3AAQAKAAAA4FkggFvd1GGDu0w3yXCmi1esudxP9tQvm0Wz6w2zGHtjbVQzC9TIFLSRwDdWbYJ0D4IHCXl%2Bt%2F0dFtazUn2LTdsvCSeiGvwldomDGP3C9K0iDTh4Y%2B8DAtopxU68w%2B%2ByW0Johpn4CZQfBJp6VKzMYaQASus2rmBYgXRgINSMkYXfEnDnP8fEaTQi%2Fcpg6oKKn50miBzzSKMfGQ1ujF%2BsheNUgISwLFyZWxAqxeBCyDZ0EIom8ZKGGbbYtpwDdr444YKeL2Yj76q9qLhUWvtS4kJ%2BTsNI0m4DeJI7qW4AGRrK%7Ctkp%3ABk9SR4b4qPyQZg
Genuine Leather 3 in 1 Cross body Shoulder Slim Purse w/ Organizer Medium Black ,$26.99,+$16.16 delivery,Located in United States,https://www.ebay.com/itm/321956972488?_skw=bag&itmmeta=01K23WA7F4GVEDZ4G799SEDDK1&hash=item4af62187c8:g:5o4AAOSwgu9ZZmVf&itmprp=enc%3AAQAKAAAAwFkggFvd1GGDu0w3yXCmi1f9o8LX3LEulAgp1kFDowAxSUnc1qC%2FVBIuOQ6CF13OcRkrsEV8O%2BSH4JtUtMlqkIER5Yh3bVl2uRRWR2%2FqYZq0dSVOhvduH1YUAjkBURt0O5WKLmhkQ5rsqKRwLyaUDlfgnEWFWZjW%2BiZCSjg9tc2ED5QGcY0MjqE7ME5W167xxGLmqW%2FfoNjbhpTtajocHuL45iU70xrIkiZ8jWVMjE--SkigiRB6wYtchzltffopqQ%3D%3D%7Ctkp%3ABk9SR4b4qPyQZg
NWT Coach Rowan Large Satchel Bag Signature Canvas With Stripe CAL83 Tan Multi,$249.00,+$43.39 delivery,Located in United States,https://www.ebay.com/itm/135873323340?_skw=bag&epid=27079462151&itmmeta=01K23WA7F4S6PZ7EK9GDC05845&hash=item1fa2ae614c:g:5egAAOSw8xVoPFNh&itmprp=enc%3AAQAKAAAAwFkggFvd1GGDu0w3yXCmi1dETXavtO0pWCg8DD044Glalv03E%2BW1JS792MrS6l6v0aXqmJ0UcSC3iN5fuca%2BId013d80WaqIQL%2FGnOALALwL7pgX5dlrJBbYbEgG7JxMOd9%2FbogPlPvu1DpCjQTgdgYlLRYNVQRaS42CvN2T%2F%2BXEFotXc9fBFOTD9JhTFYjBP%2BLPghlWlrpWI6oDtyWNMJA0a%2FNVDyD%2FZZCRNPO87qcLatl7SoDfr%2FOrpr5yPaJ%2FGA%3D%3D%7Ctkp%3ABk9SR4b4qPyQZg
Coach Teri Shoulder Bag in Signature Canvas Brown,$162.58,Free delivery,Located in Australia,https://www.ebay.com/itm/406061657838?_skw=bag&itmmeta=01K23WA7F551GM6NVYPG9AGTMN&hash=item5e8b292eee:g:ABkAAeSwHqNofILq&itmprp=enc%3AAQAKAAAA4FkggFvd1GGDu0w3yXCmi1cQ1xTKBOEDMxkEyfdmbgPUSwLA7EidT331TgsJwSacWxZuUGvXWADerLRtAeiGP8ZZgtnsMoV0yzyTndxhtugGVxdFNPfhTc%2B1%2BkdW%2FPd9LuIADXFVM0%2FwdpnWipfret95pRMCKD3Vpv8pnYFGKugDtmGFi1AyID%2BgaAb55VT%2BI1r86zxXW5mdFQhrWKtWv0%2FXzPWGf5LxbKhw5FJygl8fPH96XsvCNGo%2BAPP0n8u6yak%2FN%2Bt6MDxrWRHeKv69cu5MmI%2FnoAjxFbJ4urZbpif2%7Ctkp%3ABk9SR4b4qPyQZg
COACH Hadley Shoulder Bag With Signature Canvas Dark Natural CAK49 Outlet NEW,$229.80,+$12.00 delivery,Located in Japan,https://www.ebay.com/itm/396622219222?_skw=bag&epid=7079888347&itmmeta=01K23WA7F5V02YRKC2MEK10B49&hash=item5c5886c7d6:g:uUoAAOSw4SpoKU3l&itmprp=enc%3AAQAKAAAAwFkggFvd1GGDu0w3yXCmi1f2NQUwSyyDVML0ux%2BZPdGuN%2BxV4OnZ7HOMvNeBkpxwXOzXoNn%2B0YtdJXaCZpHGwF63RB%2BTMHQwpH1iz7RSTbLyDxOhBoeRD6BNwCYFmxgTpIt8WpDYm3yLZvD8Q00zCLvRVG9G1ON7vhVT34l%2BXklnHmAAwda1XCeN82%2Fg5aPwbQmHp%2B1yYFy%2FJgVUymQiJ7cUlSrCpO2aGM5dDounZy3GD3xulUhAGOrNCqLz3nfFug%3D%3D%7Ctkp%3ABk9SR4b4qPyQZg
ROXY back pack MULTI COLOR,$20.00,+$54.98 delivery,Located in United States,https://www.ebay.com/itm/177315092255?_skw=bag&itmmeta=01K23WA7F5T294VBK51WY98C0H&hash=item2948cd971f:g:gbUAAeSwEy9okSs5&itmprp=enc%3AAQAKAAAAwFkggFvd1GGDu0w3yXCmi1e0MmzKYZ%2B02RJfKR%2FJdpgNWuMLrI%2FzQjRBurcXnePQTGXfWKfw3%2BWgg0JhIDXvRGiRqqEOxMxZhigoz410IGGkY3SnsuI6EDB3rrykDN2ee6NMfjVQ8ebmZpoeWRMiGSq0iGKTM3PhLr1UMpRoXetSK5Fz67YTdG4zt6X2LB0V1NppEitZPgK%2FJHOxQlXX1bbAIIRcjPOMslLvGjzXXCi5EsY%2BANkWKdfSEnlX%2Baq4%2Bg%3D%3D%7Ctkp%3ABlBMUIb4qPyQZg
Authentic Hermes Kelly Bag Calf Camel - 28cm - Mint Demo - MWOCTS,"$19,990.96",+$50.00 delivery,Located in Canada,https://www.ebay.com/itm/156408634841?_skw=bag&itmmeta=01K23WA7F531HZBMF79454EC5F&hash=item246aae5dd9:g:fJYAAOSwa~9m5crW&itmprp=enc%3AAQAKAAAAwFkggFvd1GGDu0w3yXCmi1dTSoAMROjZ8lZv%2Bcj2CsmHK4wqZCROybSeys9uXHW4LtM1HMjaGVdgCQLIdLwxwhe00f4PSl2CL20sJc8R1kIpVfJgn9e0lb1HlrBymlvDERpP6RBnPf7TdoNEqC3bD3mquQsXWn2T%2FreRT2Mv%2BW1HO5ysa1Kw6Wghjvc0JrK2JrSrY5K5rBNbwYpwRX3wL8ZiJITkPhn7lRBTQbGuFxOodeNZ7%2Bao4N%2BY%2FOGBJ35sdA%3D%3D%7Ctkp%3ABlBMUIb4qPyQZg
Philipp Plein Small Sholder Bag,$290.50,Shipping not specified,Located in Latvia,https://www.ebay.com/itm/267169460419?_skw=bag&itmmeta=01K23WA7F5ZVFSJYGRGVV8QG4E&hash=item3e348a70c3:g:z3QAAeSwS4lnuz9n&itmprp=enc%3AAQAKAAAAwFkggFvd1GGDu0w3yXCmi1eGmq5c5V2gdL%2B%2FYG6sR3VcyeeIm%2BIpAAl%2B8zHS%2FtR398dvBzH%2F5%2BezAiW%2FWni60I3%2Fjz8%2B6lAdi%2BPsbcYaIcPfl0C8kUD%2FAXFv%2FMTT80gpjKQsznKaJ8%2BwvImdMX%2F%2BsRHXR126Lh%2BlEMT2Cj%2FcLlsIbccol1%2FBTOn5ZGQZM%2FiAzH1720ivP5HukGNTu5ZoRMBB7VdBBvid0ok4WUJGAZg%2FHyM7t5kPywwdW%2FIqrIc4RQ%3D%3D%7Ctkp%3ABlBMUIj4qPyQZg
CREED Leather Sleeve Fits 2.5 oz. / 75 ml Creed Blue Fragrance (Sold Separately),$90.00,+$15.25 delivery,Located in United States,https://www.ebay.com/itm/116693254639?_skw=bag&itmmeta=01K23WA7F5T1VAMQRB0TM3309B&hash=item1b2b75c1ef:g:mWYAAeSwdJNodzEw&itmprp=enc%3AAQAKAAAAwFkggFvd1GGDu0w3yXCmi1eJxVtTmolpl1mYRpV1yIwEw%2BIyENZvkphuuH5ZouxTrJsH%2B0%2FKCj2z5YdXQIhQ%2BceTmxDl%2FFDxzuyXDZEjXnhWbDkOFQoAYSQUSzuG2SkEhsSBiWVxH3xL5RjG5rUqCq8b5f2BYmb35MYcQRbxwUiVcloYNUNv%2BsuVrv5PYZzfybfm5Y4rh3kc3AksoTy91yDcvF%2FPRpHFTZTKD5Bio3StRERwXeRISwhp1J3Yk9wv5A%3D%3D%7Ctkp%3ABlBMUIj4qPyQZg
MIMCO Black Leather Tote/Shoulder Bag / Handbag Large Double Handle,$45.52,+$7.25 delivery,Located in Australia,https://www.ebay.com/itm/336111858013?_skw=bag&itmmeta=01K23WA7F5MZ8CNQ3YZ1JC3NW9&hash=item4e41d3f15d:g:8pUAAeSwnDVogwD7&itmprp=enc%3AAQAKAAAA4FkggFvd1GGDu0w3yXCmi1eBJaq9ntbSp1SGn5rGrlKZFJfCxLbVeLejQlkhevTuTGnL66uaAR21AXBteKwhm61QLJgDn9BI%2FzgOV7a5ojtYUts%2Br1552hzNn5WQX%2Fnm4cebsp4%2FT6u2stsfP8gHO%2F1ynNmh%2BWFDMg4w1DljC1cRvcf7qZDOsJYJo3hTCyFeN22UFzmI3f7O5%2FOs0oiTc1H2WTkSNsmk85RlKLa42IaOQ7PqfcBqlHk%2Bbhch4dSIhXRrcF9KUXXKOw4neEas8dE3NaY2ct8TShLwM4muHoe2%7Ctkp%3ABk9SR4j4qPyQZg
PSL  A Bathing Ape ABC CAMO MINI SHOULDER BAG Women's Pink,$353.90,+$8.00 delivery,Located in Japan,https://www.ebay.com/itm/357403213075?_skw=bag&itmmeta=01K23WA7F5TBWBZ4E3Y3JQH81D&hash=item5336e43d13:g:WR4AAeSwHQ9oj5tO&itmprp=enc%3AAQAKAAAA4FkggFvd1GGDu0w3yXCmi1cA0dOs6dfvnPwroT9ejpaZ%2F9vdtTXbJ9DB68EoWMK9mlyA4mBUea%2Fh9CAcI2nojqBDLZyt68xMc6Qvn6nJRIpZzuWfD1PRgp3I%2B4lf4tfM%2FcbjxYlhzT8AaOtrHQu0wPgqImLBZ%2Bk%2BIkVcNKQb3x%2BNQN8OuqZEwc2f6IgUUbZIdCCBblccy1churoiOQpvAnLzuKDJr2q%2FsnBtMwGY04VUZYlE17UgSNXbhgqHtSZ7mz0HNxxGYk5k4Z5lo0dvASxXfYaZekGEPM%2BT13sAbv6x%7Ctkp%3ABk9SR4j4qPyQZg
Vintage Gucci GG PVC Leather 2way Crossbody Shoulder Bag Navy Authentic,$252.00,Free International Shipping,Located in Japan,https://www.ebay.com/itm/127294950608?_skw=bag&itmmeta=01K23WA7F5XNQ7X94VXPQYGQZG&hash=item1da35eccd0:g:6eQAAOSw5pZn9R-E&itmprp=enc%3AAQAKAAAAwFkggFvd1GGDu0w3yXCmi1dMWbb3ev4qTGIKxZp%2FK%2BJbAuJ1plCUsvNFnKNdL0i0s7Mc%2FcsKwuSt8uU8eBaxg5sre%2BIYARD1zREf1NLGb52AsLTHQXO9lkwz%2F2P3RoTfE9IdbzZDVID7SjR4xHolRVoNpbxZzsbv8GEp7f%2BuQ9gwfMk%2Fj68iLVXgdwJ1UdXasCTWHpW7EOII2AN4HIl%2Fw4x9fMZx5l%2FvkglaYvl0qaqC9EoKh89BdMQWA6GMCR%2F69g%3D%3D%7Ctkp%3ABk9SR4j4qPyQZg
Dr. Martens Top Handle Bag Black w/shoulder strap 40758001 authentic Japan F/S,$291.48,Free International Shipping,Located in Japan,https://www.ebay.com/itm/316276836208?_skw=bag&itmmeta=01K23WA7F5TWEW0MS171R981GW&hash=item49a3918770:g:ig0AAOSwE8Fnr0Q~&itmprp=enc%3AAQAKAAAAwFkggFvd1GGDu0w3yXCmi1ehQq21bwXs%2B4OrHjHhyDkfm3I5CKOMS5UXNMI9iM2NOiJfXGusv0n1NELFCTEck3eYOoop2wn40cp9Moc85%2B0Pze5rpzskDbQgZmAFdGq%2FvYL4121upYMUbRrsP%2FrmsUyS7X6p8fD4L2XemfZbdYwVJe1fQygdDOEtynen%2FtLFf15qgxEvOOpOtrrxWq8ImQSR0GRJxspDTI7Kjees%2Fe9%2BVWmILXNNNGr17TBcrgQmVg%3D%3D%7Ctkp%3ABk9SR4j4qPyQZg
2025 New women's bag diamond grid small fragrant style single shoulder crossbody,$35.77,Free delivery,Located in Australia,https://www.ebay.com/itm/236105641480?_skw=bag&itmmeta=01K23WA7F5SWNXTXQCJ9V8A57P&hash=item36f8fe2e08:g:D2YAAOSwfR9oJ1d0&itmprp=enc%3AAQAKAAAA4FkggFvd1GGDu0w3yXCmi1egZiWDVMDNB8GT9jVdg1fj8j0Kn3ZuXvtJhGPrN9nLR0lecjA5PyBziR7bTtPRtInhTBabLxlWZDgpdczTq1a9XzRV2wJO64%2FMQMOFbdlLf6yRHjh8QACtT0bMU0ZVdSbaal2J%2FVgn9bnqTX30qWGGKzudSEjnjDaYsTAsQOOp61E3lapurwoGN6Fl4WmGWqJuveGoiruzV1WAcrJoLqL%2Fq5i6ucvnWfRWOk0OFEVElrALYCj88P%2BdmMiM7a65MjvgN4MM0Byb0YgInQJfIoNR%7Ctkp%3ABk9SR4j4qPyQZg
NEW Serenade Leather Rafaella Elegant Beverly Hills Leather Shoulder Bag Black,$79.34,+$9.10 delivery,Located in Australia,https://www.ebay.com/itm/266902436427?_skw=bag&itmmeta=01K23WA7F5VJNMFBX9XCAHKGAP&hash=item3e249ffa4b:g:l0UAAeSwOIBoks7r&itmprp=enc%3AAQAKAAAA4FkggFvd1GGDu0w3yXCmi1d858Kj1UW%2Bj%2FL4SMDcvVqgMH0zu%2FjfDrkAzOHnOhqp%2B3Hi0WMSN7hYhaAIFiSsxnd%2F3NKBsy9WXaoTNYDvrHgj0pBkbsW82XghLcuTyvE0pbDINE0YnKe2c2HavzpikOYrhE6P%2F0iQWU1fgQEe3fgj8RG1y0TLh%2BvM4B0wPMOCYDXyFquOSoxfxlRf%2BWKNjhSX9yl25CUXbSRhHo6apAYF%2F%2BrPC93Lrv3fiycN113QxJNZ6UV8qQxTOfhz%2FSdfVsQjKHV5E9W%2F8ywDQAI95OKb%7Ctkp%3ABk9SR4j4qPyQZg
TR Bentley Blue shoulder Bag,$353.00,+$67.26 delivery,Located in United States,https://www.ebay.com/itm/388168402887?_skw=bag&itmmeta=01K23WA7F5BERKKW39RQ7QQKSD&hash=item5a60a3c7c7:g:0iQAAOSwTetn6Hcd&itmprp=enc%3AAQAKAAAAwFkggFvd1GGDu0w3yXCmi1cQvDiB8dTHt%2FmruhjLA01TArmuH41e0%2BBEuSKYlpBhSZGi49K%2FW2%2BCizjWDu%2FUQyiQVnZSO22tkpTecKsgQcA%2B2RoUSkH%2BYpsFnul9Ic7%2B8ViK3DMmIzXSt83oAFGLzedVblmxzvfPnAb4%2FbthKe3IXELY5q45Y%2FoBJQHLps9SsB%2BKE%2FdVH2p18Ob7lGFu7PcDLb8896%2BR71tii3DGkOl%2Fqs5Wy6niPWkmohrTRIX0Ag%3D%3D%7Ctkp%3ABlBMUIj4qPyQZg
Trobadour Apex 3.0 Black Leather LTD Ministry of Supply,$185.00,Shipping not specified,Located in United States,https://www.ebay.com/itm/316727942050?_skw=bag&itmmeta=01K23WA7F59AMM3KG26HHQHTTP&hash=item49be74dba2:g:tSgAAOSwEeBoD6tE&itmprp=enc%3AAQAKAAAAwFkggFvd1GGDu0w3yXCmi1c5yqn7dETwfEgvwa6UnA%2FKcN7tT3tp9X%2BIBw6RlHntzFyocHf%2F4FNsAP7sUQ7xcXeZc0GwV1lac7yvY2wlC3%2FVqbXuw9sBBJZanfwflqvdAPMC2YsXpzks3eC2rLlG4S9e96cBz8AUi2mzo16tkC7ILdcKWMpwTDwhF3HX4fBY9MBZyu5zl6Do1Oc%2FYCyKuvBJq455uDZbbFlxwrxa%2BmypGxfw5yBvoC%2Bi4GNSKr4L3A%3D%3D%7Ctkp%3ABlBMUIj4qPyQZg
Leather Shoulder Bag Belt Strap Crossbody Replacement Handbag Handle Adjustable,$8.75,+$12.85 delivery,Located in United States,https://www.ebay.com/itm/388556848873?_skw=bag&itmmeta=01K23WA7F5ZHN1XMJT03928T7Y&hash=item5a77cafee9:g:XBkAAOSwF2xoR4DL&itmprp=enc%3AAQAKAAAAwFkggFvd1GGDu0w3yXCmi1e49h1vqWOcMHZcc%2FnhffTZMdTem6r9OMc05CAnsGge3EG2s932OFW3t50fRYoB1FcKxwBKdHp%2Bn93fhNLnps8OvJEWvZ%2Bt3sHQIzIUqLIFgXbuqloazUjPh3JxlJWCOTO2%2B8NfheXWdwTcVxqlTImtpmiRDFjmDxafvl65pPi6XDspI8I9ny17aoGp4xRkYa30DaPGiuA8599UcMBze2s9H2%2FeM8dE3hy--Y7JmFuJwQ%3D%3D%7Ctkp%3ABk9SR4r4qPyQZg
BAO BAO ISSEY MIYAKE Loop Shoulder Bag Handbag Bag,$89.99,+$10.00 delivery,Located in Canada,https://www.ebay.com/itm/167214543455?_skw=bag&itmmeta=01K23WA7F5GSKPFGRPPJ0FWJQ8&hash=item26eec3725f:g:MhwAAOSwshhnb3Eo&itmprp=enc%3AAQAKAAAAwFkggFvd1GGDu0w3yXCmi1feO7bbM7hkx3DsXCHjGJmAAAruEUSa2Ps%2F%2BAatWtzJRGbQ1FAXEHAB2BZ6SmVi7Qugxor56peSORi1Ue8ABKjb5P3JesXM5HLmS4YmV369MUF1q2dvu1b%2B2I7%2BIyhThhVi0kEwtjqlMlzf0E%2BOycvNFuemV7tycio6bGUrApkG5pcl5BpA1tKGcjsxbQnW4lXUZb9rNUnwXjmZid%2FUaBSTDWhiQg2QljZ8cvP1uiBPBA%3D%3D%7Ctkp%3ABk9SR4r4qPyQZg
STELLA MCCARTNEY FALABELLA Chain Black Mini Tiny Tote Bag 2way,$106.40,Free International Shipping,Located in Japan,https://www.ebay.com/itm/326557861734?_skw=bag&itmmeta=01K23WA7F5JVQW46Y8YR7VAEQ8&hash=item4c085d8766:g:xLoAAOSwxXpoEiqc&itmprp=enc%3AAQAKAAAA4FkggFvd1GGDu0w3yXCmi1dGKPWTVezE1pRR6hR2ahlyNyfQJB671rHm0fh9CqAvkBgiUG2lx%2BMrmAErvbVBkdqKNLBFCCflfNrmIBpxHRrDayOWDXuBU4xEZr%2BnNGEgtHJefB1acVl0hqso%2BrpVt2shGJjnZX3mvLCsSExiJ4cBL6YHVutxqqd3x1wPN7BEPcKG33dkula28qDTLvnRc7xZh3ngCOmuDUVZNEVmJRRa1Es%2B%2FwDD3GzVx3zW1ZWDUG9o6ODStz2IO9dKrAXv2kTIqY%2FL3k1BQZmM3b0c52nA%7Ctkp%3ABk9SR4r4qPyQZg
Brown CROSSBODY GENUINE ITALIAN Leather Bag Shoulder Purse ITALY BARUCHENI NEW,$39.99,+$16.55 delivery,Located in United States,https://www.ebay.com/itm/125647322292?_skw=bag&itmmeta=01K23WA7F5XW9N1EQFVAB3ZTGM&hash=item1d4129fcb4:g:joEAAOSwqS5jl24t&itmprp=enc%3AAQAKAAAAwFkggFvd1GGDu0w3yXCmi1eiQHBd58xuudQzboj2rs15hgcATKd1WHvSfAGCjdJvrAhVDXa3BlfxrhEzsaXCFkXeDuh95tqmRHkJSIAWw3wAbpJzrUEdLp11WEk2gDYPi5c5GY3Mx8rwZex9dgY1oEuCnsNNI3SJOqfmcI0SHchy1SgpX6QT3taa1q6TwVwuwZ8jj%2BKeIVrVvQ8mTtMc5F7PuqTVc1p76VL1GB5FuIwKYful1uBSAlaqtLFX32l1RQ%3D%3D%7Ctkp%3ABk9SR4r4qPyQZg
COACH Teri 2Way  Signature Canvas Shoulder Crossbody Bag CV933 Outlet Products,$162.00,Free International Shipping,Located in Japan,https://www.ebay.com/itm/376464027857?_skw=bag&epid=2343959896&itmmeta=01K23WA7F5N0CVM0QSZ6XQ8VHG&hash=item57a70130d1:g:aBsAAeSw~QpolMXy&itmprp=enc%3AAQAKAAAA4FkggFvd1GGDu0w3yXCmi1e6lRFFD4X2NKU%2F8gZMU7B60Ij5m42eufba0hEHJPV%2F9Xf80I1LL743kCXuPuQkSaJytMlE9bYrWpUzerPhSA8odAPwnPDvHb6G6jYlsIMhs7ndHzL8sAVJkktrw600FmgFWhcP3uA3ZSUz%2Ftkc56vZq5cc1AmIT6cpMQsngbvXn%2Bj1j7F28Gux9i0qkmEmBV0WohBPiM8G6WVgeUoWxJHvmHdH07uCeafpPbOhGA24nqMHeKdQfn57cS1CbSBlA8kv2b1cLV%2BoCS8XLFAGqxtq%7Ctkp%3ABk9SR4r4qPyQZg
Michael Kors Jet Set Travel Extra Small Tote Carryall Bag Powder Blush Vanilla,$99.95,+$38.54 delivery,Located in United States,https://www.ebay.com/itm/175210355440?_skw=bag&epid=11041548541&itmmeta=01K23WA7F561DJ7TG53QSGA46Q&hash=item28cb59daf0:g:NYIAAOSwx5ZiyG9z&itmprp=enc%3AAQAKAAAA4FkggFvd1GGDu0w3yXCmi1fT%2FKojpQbcNWRRlfoRVOGhgTS20qPC%2BepJaQGB2nndqM6yU%2Fw8oNlMht7e6UZKma%2B5Z7SzFnK0Pvrex5t%2FzbFJVCbnKO%2BvvtidQNhd0zCT4JYKjTAeKL7kXAuO%2FVG4QCSK0CYXmLIf%2FXVnrz%2FFxwSkuhh0c8pCQ3AeKbtKgPxOHh%2FSI%2BQRg3w09w3h3tyK4%2FbyEhpMaGchUfQcHMB02YXL1Vyh9btWK81xeoF9P8n0cXxVtzHKUI7mugmSB%2FSjBV1wY46oWZfzKWXvWVqZ32oQ%7Ctkp%3ABk9SR4r4qPyQZg
Coach Brooklyn Shoulder Bag 39 Dark Brown Leather CU044 Outlet New ,$212.80,+$48.00 delivery,Located in Japan,https://www.ebay.com/itm/135726551316?_skw=bag&itmmeta=01K23WA7F5HTPSXE8ZZ22BTA1G&hash=item1f99eed114:g:1OQAAOSwTphnB1OI&itmprp=enc%3AAQAKAAAAwFkggFvd1GGDu0w3yXCmi1dOQ24yTPIOb5s%2FTPuqGBSCDpONb1ubuNVU7VmW5x7BhtC7wX0a5trBRyYjPx3AyLO0KINwImzmeb3M2yZmLE5x0A%2Fx1SPEQ88isMHj7r1IyR4bCThOBKfWsau3ro2TI4OSnKo4swyYQ--uDG%2BJaf2qhVuC8A5ehFEBD19CkHMK6Hi7uMKWLmtffjSXB2VqBpvgCtVQhTRl10gfcIYvWwnqrtYe%2FZSX9%2Fh2kI1z2XqYfg%3D%3D%7Ctkp%3ABk9SR4r4qPyQZg
NWT Tumi Voyageur Kendallville Briefcase Bag $495 Black/Gunmetal,$199.99,+$62.98 delivery,Located in United States,https://www.ebay.com/itm/157010922086?_skw=bag&itmmeta=01K23WA7F5TSY1GWFQNJGDTA7Q&hash=item248e948a66:g:isoAAOSwWMlly~pV&itmprp=enc%3AAQAKAAAAwFkggFvd1GGDu0w3yXCmi1fwJDv7PEakWwqPfFy5AOk92Bo9HtkPKvFUHLfAduzMvaSY%2FBYNfBG8yLlWunECgz%2FdPyxHJP5Wf56e7pqrM333m6xK1JSEu37S6WjKF9%2BHTI4%2Fbg4pLXUKISZjmp1qPsHHsyXqx3d%2B0JxwOkYFH24JuIkLLWJxzhSDDVbK2YjRkQXhxbrIEaA1Ck%2BMpJihQzu70EVKr1vByjxSfnO6Pn1kIGnWBFA77jxAekwJcD1FRw%3D%3D%7Ctkp%3ABk9SR4r4qPyQZg
Adjustable Bag Strap – Durable Webbing Strap for Crossbody Bags,$20.81,+$4.42 delivery,Located in Australia,https://www.ebay.com/itm/126720841944?_skw=bag&itmmeta=01K23WA7F60G65W2TT2THY4EF3&hash=item1d812698d8:g:-DQAAOSwE3xnC3vJ&itmprp=enc%3AAQAKAAAA4FkggFvd1GGDu0w3yXCmi1fv%2BkJ%2BEQFEXoTbuh1jFbdeHvD%2BiGHmouug%2FeipxTmZPI%2BMS%2Fl%2FmGlTmsjFilLHy6J3G92ktYEJBxoYwGF2k3fuc0WtUTZJq8iEOUfpJPP9TKw%2FwnNNinjA280%2F7qvQFUMRUVEJ530PIg%2BZAlFo0miUT6NYzFbhKxsQvPZu3EQVlDmuXswrJ6xvf5NTp5oXLvQTgFaV7xkhIkiUPSvCKKe5CBAUhvCDNJV6WWjTIPnXslABCIv96aovy%2BvEpS7qffe3adHbsIn%2Bqcl1YnMxkX5W%7Ctkp%3ABk9SR4r4qPyQZg
Versace Greca Goddess Calf Leather White Mini Shoulder Bag 1010951 IT NWT $1525,$584.99,+$63.90 delivery,Located in United States,https://www.ebay.com/itm/226709086101?_skw=bag&itmmeta=01K23WA7F64R5NNQ0HQJS6A55K&hash=item34c8ea1f95:g:82gAAeSw7zNn~XTw&itmprp=enc%3AAQAKAAAA4FkggFvd1GGDu0w3yXCmi1fk4qWGLcv8iKeUMcN%2Bsb55S3wcOd%2F2fsnOLdxDvaAiAfB9HjvlEwnldQm1WC3WKyAjUGgbSTxvjhUIBqvy3rVzMocB7YL0J9Tv8w4MJojTMUJg0OYtkKs03V8aK9ZpNd11iH%2BB93SBbSLYd%2FZX1RvKyi8XPNbJf7knR1NIbyMgk%2FkX8yQWD46xrt982AkVh5kClQVRSE3QI3RJotZW0r5jmQvQYyATNF431l3CEH1kR4oD1XYYOiMkAbHX%2F2pvXd2yLai213PiAg9Z7A8qxC%2Bk%7Ctkp%3ABk9SR4r4qPyQZg
BN Thirty One Medium & Large Utility tote Beach Laundry Basket Storage Bag 31,$29.99 to $33.99,Free International Shipping,Located in China,https://www.ebay.com/itm/405597545003?_skw=bag&itmmeta=01K23WA7F6H3NSZSJSCQKTZ8MC&hash=item5e6f7f622b:g:bXAAAOSwOLFgNbip&itmprp=enc%3AAQAKAAAAwFkggFvd1GGDu0w3yXCmi1eKel0Pyo4Zfz87fJ7ap748b6QDhzSYccHTnYWR9QJZRQE60Rfqi9L2skJ01iq2EVkgY4CypM6kpv5yFaDpuA5PkarfBsDJhu6DKr6UMB5uB1rIu5JnuoHsV7Tem4gYYLpgLfL0e7P7cUhjnbPRHriHRF%2FsYI%2FfQdAJ%2BpYPQK%2F06l9Mp2qXbiDkVM078Zwj5ZXGMeu3j0eTn1zXr9iRS%2F2lsXq3VaKXEv%2F%2Bn7nIelFfqQ%3D%3D%7Ctkp%3ABk9SR4r4qPyQZg
Coach Teri Ladies Elegant Shoulder Bag Leather Crossbody Khaki/Saddle Multi US,$109.00,+$37.59 delivery,Located in United States,https://www.ebay.com/itm/376414571624?_skw=bag&itmmeta=01K23WA7F61NJWG6XR5W6Z3GJM&hash=item57a40e8c68:g:rjwAAeSwH8doenkx&itmprp=enc%3AAQAKAAAAwFkggFvd1GGDu0w3yXCmi1eKVoYfbDd9qoWApe%2BDz0IPQVKkcYDn6IXL41ZE3Elw8EpUu4fbBOKCJtlTGifZjWeOfBwdJ3809Dt6cT1rrRXuzTTWoHTeMDkq6eqSND0m2gqrbiWaUj%2FmzSmlKVv56KZ2LHkRJju0nXt8CxbEYvKwzzR%2BvtPmohpPhu96i4%2FYE9JtCsMhhVSOVmRXZghlzYGZjUrWY8llIO%2Be6xG483CKHc2efCAJVoMNpdUV6ZNeag%3D%3D%7Ctkp%3ABk9SR4r4qPyQZg
Chain Shoulder Bag High Quality PU Solid Color Handbag Designer Messenger Bag,$55.95 to $155.95,+$9.99 delivery,Located in Thailand,https://www.ebay.com/itm/126523956812?_skw=bag&itmmeta=01K23WA7F6BAX4GPH7P2SQB67Z&hash=item1d756a5e4c:g:wtIAAOSwigRhGSOi&itmprp=enc%3AAQAKAAAA4FkggFvd1GGDu0w3yXCmi1chMGIHa2GTyhIbNbBg5t8rxyTL3CeiYekbk7FlIaMV8g6%2B4b1kdM%2B13Iu2FIURLr%2B7xRWTzcpZHGAqEqT6olKUBMxLoIduvP2gQMSHMjexIbuiFUg%2BPL7%2BtycDBjgH4JwBvdwiyIDgzqxRtMyJ2XWgJjPGsIihyvOWVWZ5AwIxWk%2BUAvkNF1wMO890iaFkWT%2BiKd6%2B8KcQG%2BcViB2GWWG3aRIVu%2BK61PKUecEbsFlCqh5se0izM8--O7NoCX0K538yjGCuooEmc3yLGtCcvKJK%7Ctkp%3ABk9SR4r4qPyQZg
Louis Vuitton x Takashi Murakami Nano Speedy Multicolor White 2025,$499.99,+$63.78 delivery,Located in United States,https://www.ebay.com/itm/317148815261?_skw=bag&itmmeta=01K23WA7F63M4BD2K1REJEX5MR&hash=item49d78adf9d:g:AXgAAeSwrs9okjde&itmprp=enc%3AAQAKAAAAwFkggFvd1GGDu0w3yXCmi1c8urk3PrZ8Z43nRmBzZL3cRbdVeyJBz1fuCC%2FDj0FlMGbFRJhKS4WHQKp2hfP5cJSsWssCJjY6tFqitSJ7zTVEvutY9ZtbYvjSSr3llyqO2KBzh5YdLW4UALSEJ%2B9qJFEV1mXJATE2vZ%2BOdl1zwlMc3fzGz7MXTTLlqT4ttpY69e0bc%2BWzF9fMoseTvCQYaC93MSon3kHq%2BnycOPcDWv9Wc2mP7G64F3eOO5wBl0ZWeg%3D%3D%7Ctkp%3ABk9SR4r4qPyQZg
Men's Brown Vintage Leather Messenger Bag Real Leather Satchel Laptop & Shoulder,$40.91 to $68.81,Free International Shipping,Located in United States,https://www.ebay.com/itm/134662524768?_skw=bag&itmmeta=01K23WA7F6VQDSA0SGZP280F7G&hash=item1f5a830f60:g:I7gAAOSwhsZkunRZ&itmprp=enc%3AAQAKAAAAwFkggFvd1GGDu0w3yXCmi1c%2B86wEQSNgfkFVhfcGtyjAD75FHPobFne4qBXJ4SjPHkECYifOsc9a8bwWZBhhqykj2gQsDzaqQIyJ2X52yXhKgMJr0DxusS%2BoRWIQlr5DRhoOs%2BtDmszZNCY1F3mwFBvy4zqITPywzusteBoqMJNhTkZ6bv0Wmn62th66xlhh8HI%2BFlMJngzm7rjX98iy6eSKcUL5Wa7%2BDwUjcBmv7xpD%2F7LORInjExcESGNCaOnyWQ%3D%3D%7Ctkp%3ABk9SR4r4qPyQZg
Black Genuine Leather Men's Waist Bum bag,$17.56,Free delivery,Located in Australia,https://www.ebay.com/itm/315452342550?_skw=bag&itmmeta=01K23WA7F6KMT0MYTFN8HMWJXR&hash=item49726cc116:g:jikAAOSwaVRmc9VW&itmprp=enc%3AAQAKAAAA4FkggFvd1GGDu0w3yXCmi1f9cALyH%2B%2FCOZHiiEsblXGkpl7x1QVs2LlIMwt1sxjKMH3MgDmYYx0jSk283xarP2FfEBsVkjEKBjimMMfpjAPcgWd1bONJFnF%2BK5EjX9HRgKPGJ25pG4IP1A1WSppCG%2BUgyBOEkGT20vFBteToa%2Bby2%2BnKCZxZtzCIBdSRx%2Fb9%2Bhnb4CdfF%2FWznojcT8anOLnRCFGzPRMKQ7rptU0zBbGkfIq4RCIdOQUVJySkaDIiih89EFXw3%2FCmvli7U5B0lO1NJqPO2guMaKBmZXZemo%2BS%7Ctkp%3ABk9SR4r4qPyQZg
Tory Burch Emerson Saffiano Leather Shoulder Bag in Black 150258 NWT,$168.00,+$29.95 delivery,Located in United States,https://www.ebay.com/itm/306229500756?_skw=bag&itmmeta=01K23WA7F67NRPXAHZXXWP8HEK&hash=item474cb35b54:g:Ws0AAOSwhFBmddjl&itmprp=enc%3AAQAKAAAAwFkggFvd1GGDu0w3yXCmi1faalPbNq9eR2SVTMfEO5Fj9EszmXDvs6IxCMHK4GHUxqns4PWY2W3al5wkIzIDzRDwrsv0ndgh0VIdQCEYTh6g2kwSmMGVPSomUKbeRVD9mw7Oo84jyqLI%2FiKVw5XtAT8gDmo602LrqyDUvolLRf0l9XWVZWPhCDzzROiBu%2BXk2wJuSR8s5oIRm3HlwslAzEBn99qip2Gb47xJYPDi6qqunjJM3REpgbqy%2BRsd6d45aw%3D%3D%7Ctkp%3ABk9SR4z4qPyQZg
Christian Dior Wardujuy Tote Bag Novelty VIP Customers Limited Navy Very Rare,$69.15,Free International Shipping,Located in Japan,https://www.ebay.com/itm/386778978638?_skw=bag&itmmeta=01K23WA7F62XM0P14X2ED9VC54&hash=item5a0dd2d94e:g:flIAAOSwqRdlzh05&itmprp=enc%3AAQAKAAAAwFkggFvd1GGDu0w3yXCmi1cFZ5leXVsOAGiManvp5Yfzk0GRJ6rHbe6X7Q98VvpYtGhnqNjYG46XbbfOlgyxmVNASzR6AS%2B5R93tXJ6w8I4pG0Be41fOUV7%2FrSg%2FqPQ%2FmX8CsLJFUuLZ2jm2kVQ6SxyLbnvAdNXgyIWKj4XXZlLkV4xmIXfFriN2JDOMyNLayaIczAP9TIOKssqKkMq0yz8lzwDWSJdqugnbVes12WcyJf984jjpV8mfixEvnDgNFQ%3D%3D%7Ctkp%3ABk9SR4z4qPyQZg
LeSportsac X My Neighbor Totoro Studio Ghibli Backpack Bag,$99.00,+$29.34 delivery,Located in United States,https://www.ebay.com/itm/317088968055?_skw=bag&itmmeta=01K23WA7F6EC4S7MV7F2R4C9B9&hash=item49d3f9ad77:g:t9gAAOSwKztkUyl1&itmprp=enc%3AAQAKAAAAwFkggFvd1GGDu0w3yXCmi1fo6roUuSsQdnEYQvmPXdU92QkjghQuc3a9HQVtfGfjcSzffBZ1C%2FcaYntJ5I%2FCrDgavMIiaHMAB8r%2FJTV6x3PHArKibXATKR%2FSHwsP36ABt8VckPIosWI9BeZh44qr%2FUNjZQDQ77lGRxnXZgkl%2B4vBMaTQh6pVwE3CBphVF7FPLGKr7FjJH2OjIGGWtha7EzQ5LF7uGAdqOzcz%2FEtPcW5wrWDtkeJ7awLB4HFB%2Fbdgww%3D%3D%7Ctkp%3ABlBMUIz4qPyQZg
Heavy-Duty Leather Nail & Tool Bag – 10 Pocket Top Grain Construction Pouch,$39.42,+$12.50 delivery,Located in India,https://www.ebay.com/itm/187032352766?_skw=bag&itmmeta=01K23WA7F6V47EKE5GW81AFN2K&hash=item2b8bff37fe:g:NnIAAOSwOOhn0rWs&itmprp=enc%3AAQAKAAAAwFkggFvd1GGDu0w3yXCmi1crzKTIhhSFKyPRkd2xK4UdPKU4QS5YxwK8y9p3KKJLycse8njWxTKv4Pk8zsiO6n7mEaTJdneEtZljfjNiABsSPxJKAO3SXYv4jlFZAldsIDbhg%2BJGqlXrwtZO6mVb49T1bZ%2FHlKe53Ub8A1Vd9yzFGZNDWJr5%2BAZNr48Y25iajirMm1aeTi1Q%2FLuRjFd3bW5DMvudXOpqwvb%2BC6X221j3wfZ8SFXoxib%2B8UNEzfxVww%3D%3D%7Ctkp%3ABlBMUIz4qPyQZg
