Title,Price,Location,Shipping,Link
BEAUTY GOODIES - Stylish Insulated Lunch Bag Tote for women; Modern Lunch Box !!,45.45,United States,32.63,https://www.ebay.com/itm/186887086555?_skw=bag&itmmeta=01K2SM4RYAYK43BFXBY2Y4SPHV&hash=item2b8356a1db:g:EZcAAOSwfTtngeYC&itmprp=enc%3AAQAKAAAAwFkggFvd1GGDu0w3yXCmi1d3C0rwuCbMLO29RUEJDugEjQO6VMFKAR7VMjb9KIDwv6kR%2FAgGUVaNcZ2u7BfXBrrK2cBXFT6quME1HLqAT3gopLvbbZvKzveXFyOW%2BnypqkgX8YAj%2F2Qn4Guu0BgcHyXW8z3OQmXVWks%2BDLa9AXJKiTr1Gm8nQ4tu33tmHmTry2su8jMDQD9gdppcy1zn6bEeSn5fvQefE5mXehlG4zEhNeIjP%2BLoi8EdbS5ozx4oDg%3D%3D%7Ctkp%3ABlBMUMSPk7SWZg
coach handbags used,57.0,United States,61.95,https://www.ebay.com/itm/116736387855?_skw=bag&itmmeta=01K2SM4RYA8EHRWE1DRRSC11CA&hash=item1b2e07eb0f:g:q7UAAeSw9QNon1Lc&itmprp=enc%3AAQAKAAAAwFkggFvd1GGDu0w3yXCmi1cNLbfu5bwfTe7LH8ZEQ%2Besd%2BXs6lE%2FarCKmgCRyvSB1t858iICfZHJGt%2FIq8b%2ByL%2BWaqMhtSNlzLMPCXotkp8PSIammsT%2FmOhxhYQPUNCkMnwWPBRhoXpR29rbPZE81jFW7f0n%2BgzKH23elHLG3kmn8IJYjP9cTNkCRr1aA%2FpreyH2gSjGQDTUHotRfHMCT4mSCCgY1MjYtH0kVPZw9neteivjbI0EHsBlEOxCVj5ccg%3D%3D%7Ctkp%3ABlBMUMSPk7SWZg
"Cavernous Timbuk2 ""Lex Pack"" Backpack with Custom Colors and Reflective Strip",65.0,United States,,https://www.ebay.com/itm/205597483310?_skw=bag&itmmeta=01K2SM4RYARBEK457XXTTNQ02A&hash=item2fde90a12e:g:pXIAAeSwu-FoaEfu&itmprp=enc%3AAQAKAAAAwFkggFvd1GGDu0w3yXCmi1dKo%2FKPzbgTy8i7rUFU%2Bksg4DTECMbnMpL2gXDLjAeVAhLNs5J6HesHSQXN2hsNX4D0uqPDJaQWcTiTZJ3SwiiIxQPOEa4gsG3JdzRh0Ny3SKmimS2Nn7EYegeLdq2agqcedjYktUCXnzrBx9wQB%2BMzDbGqqXiyZwbS01jRALX8W%2FwnpQ0aAQn3Cimz9eTbk%2FrQxKZZUEz5wCQZKUAV7phaizScNKyQjYJomNMDvFn%2FsA%3D%3D%7Ctkp%3ABlBMUMSPk7SWZg
Do All Bag - Brown,12.99,United States,16.4,https://www.ebay.com/itm/254101192773?_skw=bag&itmmeta=01K2SM4RYBNYC9509GPMNTT4J0&hash=item3b299c8045:g:r5QAAOSw-KFXc9Yu&itmprp=enc%3AAQAKAAAAwFkggFvd1GGDu0w3yXCmi1fWtcgIr40fNplQw4i2IQGFT1TpucWOve2Uvc8K4dFNHldFqTvSvq5prtE0kL5T7hFJgJy6Y8e2kXek4C8A1vQ7ByXV8xWDXa4Oj29UNCAAicUXDaF6PLqrHTzDzRz15LkkbrH5SNshBtpnOU9WJrCYUvuHdOLOkv65QTWfsNHzf3EaeQ2%2BX8%2BWbdvPd%2FymkPcnLTdkscm%2FY5BdugA%2BarU1fIJFezCZapEjICQKkiV0aQ%3D%3D%7Ctkp%3ABlBMUMSPk7SWZg
New  Coach Cargo Turnlock Soft Tabby CU124 Shoulder Bag Black Leather Outlet,180.49,Japan,4.0,https://www.ebay.com/itm/156785601947?_skw=bag&epid=5073966115&itmmeta=01K2SM4RYBSA3F0DCE049DFYKY&hash=item2481266d9b:g:6cMAAOSwSRZn0GHS&itmprp=enc%3AAQAKAAAAwFkggFvd1GGDu0w3yXCmi1d82t9OIXkKF0r6eeN5%2FnrxOhuYZja6D467ajiBfiMDVijXUBgH4aNMDs%2Brn0aODtmKvTgRbUlyvHpUIX07lwPEbURaLj6NtbrSRXdgHUWJNPpXt6Cuya%2B%2FnXnjSFh7ZUP6%2FH0wjmYAaDu3GiAE5mz%2FXSVdYlicL%2F2aAidXdepKd2CqFuSaA7HhIei1N5WAAEsA5U4XqD%2BcOXaa6Afs5VS45Z%2BkyZnCVN63sahhSTd4Vw%3D%3D%7Ctkp%3ABk9SR8SPk7SWZg
Coach x Peanuts Snoopy Rowan Satchel Bag Hand Boston Tote C4118 Limited JPN,121.26,Japan,5.0,https://www.ebay.com/itm/136297011441?_skw=bag&epid=8048146169&itmmeta=01K2SM4RYBAXT3CDN6ME7BAZZC&hash=item1fbbef58f1:g:b3gAAeSwOIBol~Ah&itmprp=enc%3AAQAKAAAAwFkggFvd1GGDu0w3yXCmi1d0B2NS7anz3dpkhQPIvuwKmFaIvGoKyK5GjDUBlSqRj8vJV8SHEgb%2FweSvPBFMiWZxNsxS8Iexf8O%2BwvJy%2FrAbmMFMtMIun7eD%2FQeOetCeKuw1Uhj4e1eoH5fd29ZJvtmm7TmcZdCmZl9at8ZAMJJiDOYaYUwSX8QQuT2D4bs1udRTKvEKojtsu0QauVtzPM%2Bkr5ADAbDpCMjaQ25K7PEAlAL8iiNX5nbOgP8fUoJUIQ%3D%3D%7Ctkp%3ABk9SR8SPk7SWZg
GUCCI GG Canvas Waist Pouch Shoulder Bum Bag Belt Bag Black Leather,205.2,Japan,50.0,https://www.ebay.com/itm/384990817067?_skw=bag&itmmeta=01K2SM4RYBS0Z1N82FFME5CY5K&hash=item59a33dab2b:g:iywAAeSw0Ldom-6d&itmprp=enc%3AAQAKAAAAwFkggFvd1GGDu0w3yXCmi1fdb2KiZNNH0vpKd8vyCh9ZPzMwwjf0m4w3nYlm1HUPACaTnrtelRL%2F4LbN7zyG0KtRcCXd%2FSD8RzmPd2y%2BrPbYRCVowIdjrk8kxwC212T8E3NHfYpEJcsGANazSI4U%2FwV8EWx4EmqvufhKgViD4pNitez4Y4pfGU4TYS2vdyry0PxxqCi07akRqopumL7yuFOdvBzKOk9YCnBbGo0ojio%2FtTpOCXcCDac5IRaq2SfhHA%3D%3D%7Ctkp%3ABk9SR8SPk7SWZg
LONGCHAMP Le Pliage Original L Tote bag Black - Recycled canvas New,127.0,Japan,12.0,https://www.ebay.com/itm/396115584989?_skw=bag&epid=1443130748&itmmeta=01K2SM4RYBHYEAZYE3HWFA80Q2&hash=item5c3a5427dd:g:LZ4AAOSwmFhnginM&itmprp=enc%3AAQAKAAAAwFkggFvd1GGDu0w3yXCmi1egKQVvO0rcWGyPts1SjzVTmr6QrCeO0yDlkNr9GRRy9oID7f3Mn6pWCPvAw8YpxxgOJTY1ZDx5SWbAWJoA9byEpCSNtsF3tKkrLkw61iAsTjVHG9vzU06l3mCAlVWUfrnMB47aGMLbzEKoJ025NFiuVmU6e%2BO2UFtcWunAhuQv2X9TDkmZjEyBt5HzbYzUAl7kqTLMo%2B%2FWx2Q8R39TUe322wmlH6GPifWjcOHJaFri7w%3D%3D%7Ctkp%3ABk9SR8aPk7SWZg
COACH CQ184 Ashton Baguette Signature Denim Handbag Shoulder Bag Women BRAND NEW,125.01,Japan,5.0,https://www.ebay.com/itm/136256192050?_skw=bag&itmmeta=01K2SM4RYBG3JNCW0CX4N83K2C&hash=item1fb9807e32:g:uBYAAeSwqr1ojVU8&itmprp=enc%3AAQAKAAAAwFkggFvd1GGDu0w3yXCmi1crkm4Tr5sgZoa0mb1yy9wjezOV3hM24CuffEAegx4PltJ9f%2Bn6jguevDvAIX3Qp8I80HTZ5MZh8oA53irXJY0DH4qAyrXvLzLmyByYpd4ZYguV7u2J0Hl1h5HxmbH0Dfef3teDPp5wtMRuT%2FYDushKnZmJCjZ1EGPPMjlNO%2FjEbIeOUQECZ593dKvqwa%2F9%2BinRByVjbMHo91wZwx%2FT7wcltvtKCAIvdCeLI8rUlsNsBw%3D%3D%7Ctkp%3ABk9SR8aPk7SWZg
Coach Peanuts Snoopy CF166 City Tote Bag Khaki Canvas Woodstock Outlet New,128.55,Japan,2.6,https://www.ebay.com/itm/146585343047?_skw=bag&epid=3057589916&itmmeta=01K2SM4RYBCKY8ZVM0118KR2PK&hash=item22212ad447:g:XL0AAOSwW~xnTSH7&itmprp=enc%3AAQAKAAAAwFkggFvd1GGDu0w3yXCmi1dUotwKZQ5T7eAcY2mK52pRd1m0mG%2FMHBWV5FnH07a6M47dJ4uTtPpHaZGj4oPXChQ%2Fnhzcnrrpjp7zbNnXMR%2B3AIqgBfdKqF8MBCg4k4oVCK%2F5s7CcvIgKEiUokLQ0G7zq5fL8F7a1ssk3qvuADqowcLZeh7gE%2BqgDxoNRoYsjeEi6ydddX1Y2SnTrW7KRpbTn7PCp67jq9b533JB%2FWObSqp6jlLkjA3NyNA7Rc%2Fxvsg%3D%3D%7Ctkp%3ABk9SR8aPk7SWZg
Custom Wholesale Tote Bag Personalised Print Canvas Logo Text Photo Image Brand,4.05,United Kingdom,6.78,https://www.ebay.com/itm/266279570078?_skw=bag&itmmeta=01K2SM4RYB0KA572ZKQB7WNSW9&hash=item3dff7fca9e:g:8XsAAOSwuzNkd8fm&itmprp=enc%3AAQAKAAAAwFkggFvd1GGDu0w3yXCmi1fx2W1LWVnezK6MlZg1YIEJFqLeuuwpsD22JhLyykgc0X6udMLYwoleTqMmB35DKj4aUWSVRPG8Qb361DyTdwzYcLTBE0OSD791%2BxvdEmhZ1m8EJIY6TmWGw9pYg6udQ7T4plcvjzhN5LanQEth2g2YDeoAAC82tZrOfrhZYGCru8ruazftFnGxjY87cpxewTNAhn8d6xafBAhEZQ9YcY86MArIBXst6%2FL9j5SUKx88Og%3D%3D%7Ctkp%3ABk9SR8aPk7SWZg
Cartoon Chococat Backpack Teenagers Large capacity Schoolbag Shoulder Bag kids,28.69,China,3.68,https://www.ebay.com/itm/146608161985?_skw=bag&itmmeta=01K2SM4RYBHV4FAKCJEHQVZZS6&hash=item22228704c1:g:IyIAAOSwv7Nktg7q&itmprp=enc%3AAQAKAAAA4FkggFvd1GGDu0w3yXCmi1eyvRifnjW0KgZBNPPRKZwjU6ej2nI0hW0GZGOd4V%2BdErF9SoLpAQqbcMCrk%2FdAI0v01UqqevD9w4YynS1l%2Fdv8eZNe1x6F0vtkcX%2Br9FJOMnLheZqrr4yRHqmdfhqlITYeR2erE5ftYUnX%2FwsSsOUaOPzol4Rwe3dE%2BzjWWX%2B547mVF%2BZCJjoE2l6Y8L9%2FfCbDIuR48%2BvN1Ig2E1Ueqc8LJjzBa%2F7l%2F6unRpIAMYmZF0kfQbQ1TlqdeYTqlaB0ezpxmk7o868OR08KvGlrA8%2FB%7Ctkp%3ABk9SR8aPk7SWZg
Coach Bag CE617 Brown Black Multi Chain Bag Shoulder Bag Women's Bag 2 Way Bag,151.38,Japan,30.0,https://www.ebay.com/itm/286261741302?_skw=bag&itmmeta=01K2SM4RYBWSX4Q5QA9PCFY03A&hash=item42a68786f6:g:SbsAAOSwGUJnaXvn&itmprp=enc%3AAQAKAAAAwFkggFvd1GGDu0w3yXCmi1d2Udr0tFF4j%2ByaTOen%2B81sskmH12b0Op2kvf%2FTgjTwdRmzUzzBpDLDjHvkpyZMa%2BjzTgHmnrJp9aNcuaI04MzdjmLwhgPNu%2BAzODlzh1OKHuokkadUTYX2J75HIC7XHkP01y7NYO8EJ2ekyHtyZhFZwpdBDHJA4aIoIGvlQ3rXRLBdv0oEX4xXufxYqf9y4Xmt3lw2HWY%2BgAKwuzOiMac%2FH4Ws6%2FV91XWFs%2FIC81fuoA%3D%3D%7Ctkp%3ABk9SR8aPk7SWZg
Fossil Tinsley Brown Pebbled Leather Crossbody Handbag $168 MSRP,18.0,United States,,https://www.ebay.com/itm/316777134536?_skw=bag&itmmeta=01K2SM4RYBVDW0SDC3KNYE9XTY&hash=item49c16379c8:g:ZWUAAOSwnhBoHQh1&itmprp=enc%3AAQAKAAAAwFkggFvd1GGDu0w3yXCmi1drRpsL6Kf8veJ99AbSQAbC%2BD9Kf5hrKej3CmAq96BZZO49S%2FUVadNmKNv2%2BUTLZ9CMG3gAYWvkrZK0D4Ss7Tw9gLRFr11iL7FnmzQsEYtrWPEQzl3sxIWSEPQJqi5rOdhNh0R8%2FHIy2wgLVGccJUbf1X6rhztmYDL68By%2FhreFIFJdWJiSmGEnwoAtFmi%2FQRXTao4a4Cw6thuLH%2Fpqx4El7RmO992oA8qUd8xkv%2BpFlA%3D%3D%7Ctkp%3ABlBMUMaPk7SWZg
Calvin Klein Monogram Shoulder Bag Travel Laptop Black Pre-Owned good condition,28.09,United States,58.88,https://www.ebay.com/itm/156929055385?_skw=bag&itmmeta=01K2SM4RYBHE4H8SZJTQ8N8962&hash=item2489b35a99:g:D3AAAeSwXXRoDFnJ&itmprp=enc%3AAQAKAAAAwFkggFvd1GGDu0w3yXCmi1f%2FbTfSjbE%2FSywg3G6aJMONQxaB0PIJjvpsQF6WeNP3SU6tT3%2BKNQ3n6tCTVToGUlMCNco7Lwty8s7lumA9N07zdnXXLTY%2FtQn2AnUu2NcSTSGrAVAkvVQ9NfxL5Hx9gVo2tvjnhP681Tmc9SElwqTXyZHrvUihGMDraJl8ely59SDo6jqovDzns3Al3b1xzs6zu949NdGOH2heavlxcTwjlNOu2epnjV7ixfF1Jdof%2Bw%3D%3D%7Ctkp%3ABlBMUMaPk7SWZg
BRUNELLO CUCINELLI WOMEN'S BAG MBUMD2135_C7890 NWT,598.5,United States,33.67,https://www.ebay.com/itm/197470685121?_skw=bag&itmmeta=01K2SM4RYB10JGAWPBPYXWP66P&hash=item2dfa2b87c1:g:NLAAAOSw2y5oWtA6&itmprp=enc%3AAQAKAAAAwFkggFvd1GGDu0w3yXCmi1fDiN52C2M32ySNNvaGHA7xfJuU8SyLBhAv4n6zMm0ga3rgkPKcjUfhOILegOGOuRZK1r77n52H1JzdSg%2BZ9PL5GNvfAktbX2hOX13qSIuAHYaZPjcIe3JSYN7f4ZlAbzIbHfK%2Fsy9oJF0ossA20GYfJK86e%2BQVmFH7v1l7IATONbYbiG211L5YNLz3AkcoaP%2F6p%2Bg0Q1m8ch57tdI6UVnzMciyBK3a3z3e71gZEcZQDA%3D%3D%7Ctkp%3ABlBMUMaPk7SWZg
Vivienne Westwood Accord Handbag Tote Bag Black Shaped Shoulder MINT,139.43,Japan,25.0,https://www.ebay.com/itm/176938192707?_skw=bag&itmmeta=01K2SM4RYBCXSYGQEGYEAA1FPX&hash=item2932568f43:g:wK8AAOSwgtRn2bY4&itmprp=enc%3AAQAKAAAA4FkggFvd1GGDu0w3yXCmi1dGHKMpxkmyh9AKf%2BY5GXZja0D%2BAsrAIuJpDlpNGDI7NWNluwbwhpIu2Ek7cd6iotUIO0rijlnvx35DAMG6K7gzovq1LXbNbkPxacfh9d8c3FhCQZn3zUtC%2BAqYe3cJ8C7yAc5B%2Fq3SDqgDwLeIlkqvpe97C9PY6Nk3hQoDnFUJtBTEvRG3Sl5Wzh8HKKaz2hUr6mrbO26iv--RC5YS4fA7oQxlIelxUeDnl2qtKluHKmkINx2v6mZtcs%2Fp%2Fve%2BYH4o209TJdjVg7Qquc1pdEfP%7Ctkp%3ABk9SR8aPk7SWZg
COACH CAF52 New Chain Tabby Shoulder Bag Crossbody Bag Khaki Leather Women,170.38,Japan,30.0,https://www.ebay.com/itm/286438133551?_skw=bag&itmmeta=01K2SM4RYB0SFKM5DY4GF84MCC&hash=item42b10b0f2f:g:PawAAOSwmvtn40~T&itmprp=enc%3AAQAKAAAA4FkggFvd1GGDu0w3yXCmi1cULah8fN25SZZOqsJvZf%2Ffov%2B%2FC3njmbO6KFHpbE9kuCIbcMUBuDHUkrnDlS71%2FXYTbGFyFyXgk8xVnPaZNvmbDy0pzMBQjXlzDnO%2BDipMgkoV2KuSuCh5VoSQjU7vk3r0JBlR5kR1W7OFLfWUnsCSCytIYUGDRQlMz5e%2BdB01aHDag32%2BqOeOh8ON8jkFwAuRD%2FyBpvYVD%2B9ZKdoyFAv892bGcW1V8fqQfcfWPjsdj%2BEf5haO2oYeOm4SxahCShzy%2B%2BV559h4V9tPud4IbrZC%7Ctkp%3ABk9SR8aPk7SWZg
NWT Coach CW365 Wyatt Crossbody Bag In Signature Canvas & Leather Charcoal Black,189.8,United States,36.89,https://www.ebay.com/itm/267329302039?_skw=bag&epid=11081720821&itmmeta=01K2SM4RYBF6JJECW05E7PRZS9&hash=item3e3e116e17:g:fewAAOSwoa9oWhXr&itmprp=enc%3AAQAKAAAAwFkggFvd1GGDu0w3yXCmi1eb0EIDe7fRARLY9RmiDVtD45SwLkz%2FlECmzX3gtbljaIDukMKZMwhaG6Kh9UK1OOZ%2BlgH1kPX2i%2ByChi%2FHpFCVpDsh6TJ0qqj8uz2xJJXQJwoLO4CRriVu9771eqNdPM%2BQeBRcDli3JYjyGfiHkjMF%2FzSe%2BYZPV7EDqBo5%2Bmtwdnd0g3j2ZD0IvYTNSFYXunlnZws8Bs9VdEF%2BMDPw9QBRZ4k6lY0YlXww%2BiMtBk55Hw%3D%3D%7Ctkp%3ABk9SR8aPk7SWZg
Thirty One BN Littles carry-all Caddy utility tote bag 31 gift Happy camper more,11.99,China,0.0,https://www.ebay.com/itm/282191302780?_skw=bag&itmmeta=01K2SM4RYBC9M59Z32TCMV19C1&hash=item41b3e9907c:g:2qIAAOSwOZNdb13Z&itmprp=enc%3AAQAKAAAA4FkggFvd1GGDu0w3yXCmi1fdMIk2WPAUpLynjQQLkxFopmeP9uT3iHior3qDr%2Bb0AeHs2LIE%2FkVkOqP6Da8FbjYGoKH12JB9v29ePgHZmfBnhJp4n%2Fo0co6uNiOFPfWSO1%2F8RRuEDAC9YjRy7cJLIRxwzrmRis%2Bi9ak7i1dT6B6tM7M1%2FOx7uXK2%2Fm9c01N%2FbZ0uiUupVh%2BQx3vxqnCROFUaNFz1d3gTK4BJt21%2BsScfP8f4vpWZWlZd3rY2Y8XWyiJBuqnZ8158OnJB%2BXkeBCjXJGk9N2eRXSSX0XrWtE4m%7Ctkp%3ABk9SR8aPk7SWZg
Authentic Brand New Coach Carmen Mini Bag- Black,129.49,Australia,0.0,https://www.ebay.com/itm/306378696829?_skw=bag&itmmeta=01K2SM4RYB8BT26DJV1035QDVP&hash=item475597e87d:g:aIYAAeSweb9oZffM&itmprp=enc%3AAQAKAAAAwFkggFvd1GGDu0w3yXCmi1dyyB4jguFeqaN3iEtp2DqaelZI0BR4Vl2Bs91Zz5QdP6VxugDaz5JWTYfc9M4TRhldWdlKZCld40EhpjHyAGoX0Ms91gRbyuni8j47HKDd9j86y3deEB8yA%2Flu7c46jTSKzps1a80zgJCi7jhDMXziu44acxhIql7aORpD2XT1SNaU5O0Yw%2BfSmuEG3S1GWF0i%2FExuIFCS1Dw138rpZRCENqeDQ%2Bq3O6RHXiDLWPxzbg%3D%3D%7Ctkp%3ABk9SR8iPk7SWZg
EASTBOY School Bag Synthetic Leather A4 Size Chocolate x Brown,128.0,Japan,0.0,https://www.ebay.com/itm/177306407945?_skw=bag&itmmeta=01K2SM4RYBH5ZC089PB9SCWFYT&hash=item2948491409:g:w64AAeSw-j1okEt3&itmprp=enc%3AAQAKAAAAwFkggFvd1GGDu0w3yXCmi1eUCIbMcA%2FPJe99PPw%2BcWR9uUwIQaNSJilujmADsCIx6Zm8N%2BHLI9VQewHuTy768XCwVaRKMUsPcQnZf%2FSp8u6xoX6I8vI%2BHnIrrEt3jsOzdTxhN1mJAknS%2B2icdVXjNGixinF08XV%2BpAI4fB2pf3ua0a9h48MAY1ZSq1W8TQLNqg6sZ97%2FyO8bqvE5Cgr1nezABwBuDV3X4HRN3%2FA2Bkwmr29G0YKyeiTRyONvU%2F766Q%3D%3D%7Ctkp%3ABk9SR8iPk7SWZg
C-OACH CAM03 Empire Carryall Bag 34 Shoulder Bag Maple NEW With a Free Wet Wipe,119.99,China,11.99,https://www.ebay.com/itm/406055569458?_skw=bag&itmmeta=01K2SM4RYBSQRH3SYZ3KYNQVGW&hash=item5e8acc4832:g:KsgAAeSwiC5od0KV&itmprp=enc%3AAQAKAAAAwFkggFvd1GGDu0w3yXCmi1ern0EtKMYNAvUv1FS5GlaNOve%2BqsQIVBfoLND4%2FhSP8PHcGd5QjyR6zuMZl%2B0yfsuIeEL9tiETpchfVftoTbfbkWqv7QdX9RkbIfZVPNy2qg%2F4qY2kS3%2BSSRpNZJdlASRQSGSUIsrpUQYM%2FWRmDjZNkvUqyqMC9wvUSd3itE%2FF7lgn6Jaj3ksNk7iq1pojOvnKznt%2BsTJdvGSbKv1LZ6wa0dINlgrd1Pe2UUG%2BKvwMrg%3D%3D%7Ctkp%3ABk9SR8iPk7SWZg
Women Handbags,51.41,Australia,6.51,https://www.ebay.com/itm/405922113681?_skw=bag&itmmeta=01K2SM4RYBQ9ZNEGWRRBJKA9TP&hash=item5e82d7e891:g:sm8AAeSwfh9oPvgl&itmprp=enc%3AAQAKAAAAwFkggFvd1GGDu0w3yXCmi1dC%2Fy1J%2BtHwbCL93swB6imoAJJ5es255oVH%2FOwJKcykJg4md1MHs7cL0XdVAPsmmMqJh9XS%2BqmYndiWjxp7T2MJme613fVWxIRRjHVdLy%2BKJQL0clSTqHzkze75Nqiu7m%2BMGrzsEj4Op0IQHlVVg5Go5imvvlChYIMli9Q%2BDRtS055c6%2BM4SgkfnjWpnU2Z%2BAvizduadxzKDTe4dTBpBZMSFXA%2BZJKhVbcav5%2Fk%2BXphPg%3D%3D%7Ctkp%3ABk9SR8iPk7SWZg
COACH C4824 Handbag Tote Bag Soft Pebble Leather Adjustable Double Handle Black,167.48,Japan,20.0,https://www.ebay.com/itm/306376665319?_skw=bag&itmmeta=01K2SM4RYBEV24S0E9Y5QM7D6D&hash=item475578e8e7:g:d3wAAeSwZ15oY1ab&itmprp=enc%3AAQAKAAAA4FkggFvd1GGDu0w3yXCmi1eO042YkPh1Gi2cC%2Bx43GsKot7J9w8JeoIsAIIV%2BqfevNQbc4f2WiHjJlKMV5epwQMUhJuIouGioAcycVT7TtYvhWiXWtxiatYfOhD9JXfCXq8xkG4BWhQ3yp2kYu2YR3n2KCWaXg0a1s5hqs0lVTUYwsAQHxw6PWOxXayBMZR5lnkwAgFQ46QIGBKFC8A412xt%2BllP7%2FZE7MdEuUEtUZ7gq4otlOVNuyQGRHKFR15qJ2l1oolSPjSTzPiOaHNRE0LYwEZI2PYMPqg%2B%2FIYmAbPt%7Ctkp%3ABk9SR8iPk7SWZg
Handheld mommy bag large canvas bag women rose flower messenger bag tote bag#205,10.99,United States,12.92,https://www.ebay.com/itm/157211783983?_skw=bag&itmmeta=01K2SM4RYBGTM10Y26NK4XNMQE&hash=item249a8d732f:g:CrAAAeSwyzFojGjP&itmprp=enc%3AAQAKAAAA4FkggFvd1GGDu0w3yXCmi1e%2BnOeM2Os1%2BkK4waDSsqCcKVCHZsuAujKQE%2Fj0Hp5Pizn2X63MBQJopGl2rGKyDk8sfnIYnCFnzlHVs1Hq1oTVydDNgMAolP4u86Y7G0kZYrQaHfYq5usHMPakMd98569hrVOyFBTCej6GqFC8U1Egy50oe8A35%2FNiiJPMMceCR9u59fuYC75pdxn0avBoyaUrpR%2BkQWRFEsZitP35ngrd8xWQfqs7UX%2B9zoTh1N6kvhwuJo2GquS2uJORLcYEBThdrah4BwamtafWA1Xk%2Bjph%7Ctkp%3ABk9SR8iPk7SWZg
COACH Laurel Shoulder Bag Black CR148 Women's Bag Outlet NEW,181.5,Japan,0.0,https://www.ebay.com/itm/405882111015?_skw=bag&itmmeta=01K2SM4RYBEDAR3KQG35G06KD5&hash=item5e80758427:g:p~YAAOSwAWZoKJsJ&itmprp=enc%3AAQAKAAAAwFkggFvd1GGDu0w3yXCmi1c9oawz1yHLnZJ30PSUlKufwcIHVEcv0U7T5cQqVNomq0JjJo9BfkDrBKlPsgdDL3V9eRdVQaV3GwVCGlBCCwoJGIXEpk93UM2P8cL0WFapPGaNaYVJhxEJb%2FcTvEhiQ6qmi5JSinSgdX6NRySr7%2FP1uBbQLKVqvcpOxxEJPKom7Rr4tus0GQZ%2B97G3K9WahBw0nd60E9e%2FFC0CF3vJ9ASaB7fX%2FsgvlHOAE0jGVLHhRg%3D%3D%7Ctkp%3ABk9SR8iPk7SWZg
Minooy - Aphrodite Phone Crossbody Bag 1.5L,77.99,United States,18.31,https://www.ebay.com/itm/387826041855?_skw=bag&itmmeta=01K2SM4RYBNDSTXTHTW1R3F1AS&hash=item5a4c3bc3ff:g:3TkAAOSw7xpnh3XC&itmprp=enc%3AAQAKAAAAwFkggFvd1GGDu0w3yXCmi1fwR6BZHA8lVYtzsfupkIuSbfP0f%2B4ZTsi6i8mUJBQjBqmIkCwDySzQ7vbLjfcWASL8S9%2FRAIXMvkuPrZIlBTEfZ20CTfVUroMih8OOY9VlAjbBGdQkEUxXRqm3aEnwxWsvvqhuQalLd%2FaHQNxc%2B74L%2FBUvBtyEIpfYtKfCETSeCtmpKa%2BcwGjCz0fm83sjswQZGgR0T4%2FPk4W4dP8mYYTYJDGfjF5RmyMV6lYUhpe6tg%3D%3D%7Ctkp%3ABk9SR8iPk7SWZg
Proenza Schouler Watts Leather Camera Bag,249.9,United States,,https://www.ebay.com/itm/405682882574?_skw=bag&itmmeta=01K2SM4RYBJCEPTKEZT3ZXPV6B&hash=item5e7495880e:g:Km0AAOSwMl5n3fnY&itmprp=enc%3AAQAKAAAAwFkggFvd1GGDu0w3yXCmi1fWSy%2Ffjr8davWpki58Gu0vja8hmMzS73LbNCVmOYbBPLVHoXvZJvNe9nHZSHqoFnpbUw6qlJrXobjBIOFC6g8t5MGyEaraBXBF6wdoFfbsazczD9XMFv3V5ou2ejdHF8YHNTvOBgd85l8gBHot9CxT0gfO943NZDiwW6%2BN6TaRh9iBCkLm9inIwrUpndPGIYnqUujEIv5ba3LODQdNlblVgz1gu5pQcB4ntRpPOd%2FQDQ%3D%3D%7Ctkp%3ABlBMUMiPk7SWZg
MARGE SHERWOOD OUTPOCKET HOBO - Washed Brown Pull-Up Women's Shoulder Bag,323.5,South Korea,29.0,https://www.ebay.com/itm/267207459141?_skw=bag&itmmeta=01K2SM4RYB7HHFXX73XBQ7JN7M&hash=item3e36ce4145:g:5H8AAOSwyXNoIrl~&itmprp=enc%3AAQAKAAAAwFkggFvd1GGDu0w3yXCmi1eRFN67WebihUP0n737dFN2mnOVQlRMhbu2%2FJn5TCg8hI5kpR3vb%2B4CZKV1NL2sWb4lr1TvbbGYyJSbVTVmPRz0Mx8zHvZKUGbadI4VLILn%2FoJYZbJZe8C3%2BMoC8mzSDXrRzEVgLp%2FoKW3OHpn9ld0Jx5hEPH%2F92RzUkPMOXxaaXqD%2FQtkfgZW%2F0a9w3Fn%2B7w%2Fk6xDNBN%2FGPqZay%2BQCHdcNz%2Fq6sc%2Fg2Mv6jf4SOZI8Qw%3D%3D%7Ctkp%3ABlBMUMiPk7SWZg
Off White Virgil Abloh Nylon Crossbody Shoulder Messenger Bag ‚úÖ FAST SHIPPING,119.99,United States,42.33,https://www.ebay.com/itm/177339002518?_skw=bag&itmmeta=01K2SM4RYBMRQ2EZZSSG262GVB&hash=item294a3a6e96:g:NxwAAOSwBAlnP68E&itmprp=enc%3AAQAKAAAAwFkggFvd1GGDu0w3yXCmi1fr6a0azBk9vU7daBKmMM%2BY5zGhkVCAE4ngfWcJ88WDF7Ho4ScG%2F3lSVXacFpHdnRXadPRDngMhT9vr9rfcQuPSWRGrdRMAqfYbyb%2FY2FQQU3%2FEO1cCXg8s4ICun1NTShnkDdFovAPtoNKUvXS1okZScBaOpJOv1efbZsxuGnP3mMNa0t6GixqfRoHahdzHa4ImdTbNCsRbLTlcYo%2BrdMsatAHnRe6lUuPUL7xZTjsgcA%3D%3D%7Ctkp%3ABlBMUMiPk7SWZg
"WALLET & CROSSBAG-MULTI-PURPOSE, FLEE, BED/STU TAN RUSTIC LEATHER ZIPPERS & MAGN",175.0,United States,26.82,https://www.ebay.com/itm/357414155606?_skw=bag&itmmeta=01K2SM4RYCP1T01E2X56BJMQ93&hash=item53378b3556:g:2TEAAeSwvD9oiTWB&itmprp=enc%3AAQAKAAAAwFkggFvd1GGDu0w3yXCmi1dIFTEXluzHfTsIEsfYZ3qYzZP5kv101wgHdHKB1pgkuVgUDQCgVcstFhYWhsCORWsh2tEIP%2BQOa90PCk%2B6W0jfK5%2BCYcLydisS0JTB0iIRI89QlZxRx0Jr7eCtGhufHG%2BnwUTGyNhj3S0T5GIxJn8PQ79hH5Xtx9Gfial9VjsCAyjVqH5Ev6Ulg%2FdWyZ7qNz5vt7IsTwoPI811h6HjgG0mEPLlHGGBmMHmV8MfG%2Fswag%3D%3D%7Ctkp%3ABlBMUMiPk7SWZg
Designer Shopping Tote Bag Brownü•∞,35.0,United States,13.63,https://www.ebay.com/itm/256890961485?_skw=bag&itmmeta=01K2SM4RYCXA1GEK9XXW8Z6XPP&hash=item3bcfe4fe4d:g:cH4AAeSwLmpn-mpm&itmprp=enc%3AAQAKAAAAwFkggFvd1GGDu0w3yXCmi1ckRDtRNaeC3aW7s0nwu%2BbyZ0gmPIv3nF1HjLF4FR30grLtH8jUnmlqbVMFheANBbTiJgC28RIngFa31Cydzdj1Iq9xt0FKKcBFlRdmDIi9gE1mda4FV1IwtC49b0RNPR2wdikkBshQkRkoMlrC6dGuL8nNIU%2Fqljrqk3rIV7kyMKM%2FXk8F0o345V6jtDss1mmCJGMISZlQA7F93nZ5U3pOWPCsNk%2BrWCAtFnvyKVp2fw%3D%3D%7Ctkp%3ABk9SR8iPk7SWZg
COACH Pocket Juliet Bag 30 Shoulder Bag Black CAM20 Outlet NEW,239.8,Japan,12.0,https://www.ebay.com/itm/396769720571?_skw=bag&epid=9080773806&itmmeta=01K2SM4RYC2EJM3AFNNS83ZK60&hash=item5c615178fb:g:PaoAAOSwhutoViNb&itmprp=enc%3AAQAKAAAA4FkggFvd1GGDu0w3yXCmi1fOLImSSSI99%2BZZCV%2FYVv%2FOKtxrsbBEphOEcvoegx6aaoLoJ7C33CSG9VmjJqe%2FLR0OeYSz5ASyPW4SwP0Y7N6OX3gFojGZ9luv5rEiTc707y71naGbodfhzoqXOlp8o3spO7t22Fo0sHTo6kit51xftMzY2rIL%2FGu5zeWLVqiiSgcPcJv9FP5o8RnRKvxIUzswsYjB7avxcOJ3BVitObrGB%2FhSCJYE31TuKXviIXZWkVoTa8CpruVt6q0QJemRNtsGeZ6OddUmeuRTg9ZuSIsx%7Ctkp%3ABk9SR8iPk7SWZg
Angel Kiss Handbags Y2K Vintage Shoulder Hobo New Tie Dye Tote Bag Soft Purse AU,15.6,Australia,0.0,https://www.ebay.com/itm/376413063917?_skw=bag&itmmeta=01K2SM4RYC8Y9BB5NGWYH3A8NG&hash=item57a3f78aed:g:pxoAAeSwabtoeaqs&itmprp=enc%3AAQAKAAAAwFkggFvd1GGDu0w3yXCmi1egEP2OYQzYqF1tU5uuHsqkk1tBtFjdfJI%2FWYQvUywZaEgBQnG5AtVa3wacBFvT7dYllop03QtDUIFrXQ23Fbjz4iLzkjBufsAgTN5A%2BBV4ZHFt8mgkHBu2M1%2B%2FrvRPgkFF7IMTpKrqy18kGegaEL4IWKaF3Jj4UkputlY%2BwB0lkEQaCemkc3eSKOb9CQYTeIgA%2FImlwMEAtHm0FmQsXIt5z3Iee2hBUYRMGfv2tTFvLA%3D%3D%7Ctkp%3ABk9SR8qPk7SWZg
Coach Brooklyn Shoulder Bag 39 Black Leather CU044 Outlet New,199.8,Japan,48.0,https://www.ebay.com/itm/135726555881?_skw=bag&itmmeta=01K2SM4RYCSE7GDGRNYNARFYMD&hash=item1f99eee2e9:g:-OEAAOSwcnhnB1LH&itmprp=enc%3AAQAKAAAAwFkggFvd1GGDu0w3yXCmi1fk6T4ELHQ807sDBB8SumS0stPiAd%2BC1B5yvCAea4aZI63IZ5GFsB6ZEmfSCXoLtig0haq8xSfKb0%2BEFvopEYbNkjG3y%2BMwjVPP%2FHkycf%2BZCS5k9b0HBGNy%2BC2TOYOyw%2F2cC4h3V2nNgIL1%2F9V8EAN1pmnn8f%2B%2Bfk0GI6OF8Gn%2BYEwCaIaEYFbx3noVC90ZiNY5bTe97EudZR05uL77dlyWqCkyQtXIzLuibaBBELNK5A%3D%3D%7Ctkp%3ABk9SR8qPk7SWZg
Minooy - Naya Small Crossbody Bag,81.0,United States,30.72,https://www.ebay.com/itm/386860049693?_skw=bag&itmmeta=01K2SM4RYC9NBBW4AXABJJ99J4&hash=item5a12a7e51d:g:Uf4AAOSwAuBlaEhX&itmprp=enc%3AAQAKAAAAwFkggFvd1GGDu0w3yXCmi1d6qi%2F%2BuB39MNUkobVUGFpS1%2FeaVh7BqYnq43Yb3jeVVjfU9cYVYyqcQkVe9EP%2BkSPpyxqJHFE7assIyvcyVhins%2F0s0esDeZd3qE4MtG%2Bybn6bhvpLerCjuejmf8cIWZABD7ue9gsfaElQoe1rYUUUu6ALqcMgPZe1RwCYmq01IzFgvYWO8rGhMx29HGErkONSMqrSifaC1STcQHi%2FN0Zs%2FstIm%2FDdbrDGSizyaWKTIw%3D%3D%7Ctkp%3ABk9SR8qPk7SWZg
LONGCHAMP Tote Shoulder Bag Handbag Pliage XS Mini Black Blown Crossbody New,99.99,Japan,4.78,https://www.ebay.com/itm/376211054919?_skw=bag&itmmeta=01K2SM4RYCPDSVVGKA6QPDQNNP&hash=item5797ed2147:g:Sb8AAeSwShVoEfxo&itmprp=enc%3AAQAKAAAA4FkggFvd1GGDu0w3yXCmi1cS%2FstDeULAuP91GpRnVLg06mpADnuptqiG2rmGxgYUVaYz4IOud1tODHWr3j3EILVGVPAttC0OAimbbO%2BUbgHZODopoYaizg1x98RDCMO8Kr9zvBmUZf3%2FIiH%2FUhY1V5WTc4zBIa%2BPexeGierwWQx%2FErJRs9y2Z4ABy7YC9uH6iGGBN756DfJhA34jT2I76Y%2F1E%2Bsrb9sA%2BQ6u8g3zwZ2JVVzgPog7FHgXMlYlhVJWUHsl5sCJ7VXH35%2FlSzF8b2244Wyy5C3qOJgiyPgTyCpu%7Ctkp%3ABk9SR8qPk7SWZg
Ralph Lauren Purple Label Cooper Ricky  Leather,4603.46,Japan,40.0,https://www.ebay.com/itm/406059325043?_skw=bag&itmmeta=01K2SM4RYC59RRE105CMCT7VKD&hash=item5e8b059673:g:Vt8AAeSwqNJoe2k8&itmprp=enc%3AAQAKAAAAwFkggFvd1GGDu0w3yXCmi1cayT%2F2XOX5xLgIW3J0CtXBjXjqtnY3jq9aJDTUZ3si3T0%2FPSa8JBK0j8z26m6Yr0ma5zz2VaAgXAYB55AA8Gu92jNlTYd7zoUch%2BGPT1zvF3lofcvYe9bHCA3Uv0GzXAZt9UJwE5Xg%2BVU38bbAMhJJICz3ISzkR20pzfMgqNkEQM626452cl4nYMOODETgTBbkG%2FTjlrvbZKwjR%2BOjx6KRycInME36bi8on56tZpoO4Q%3D%3D%7Ctkp%3ABlBMUMqPk7SWZg
Skyline 2pc Hardside Checked Spinner Luggage Set - Bijou Blue,94.0,United States,37.14,https://www.ebay.com/itm/356870064554?_skw=bag&itmmeta=01K2SM4RYCWN666KSAH0G8N3DS&hash=item53171d09aa:g:6y8AAeSwaW5oG3li&itmprp=enc%3AAQAKAAAAwFkggFvd1GGDu0w3yXCmi1dAlyYfbmdoDUrtlKZIDFkI465zXQWH5Lx2sYYSgoXCkofiNLEC1Jc7jZ3CUU3tHFrZu%2FKsVSjBx1y%2FdCazOngZIVsxGQqBsQQ4KbL0UGXcjlTa1AFhq9gc2u0tLwg9rl0gutdPs7ZfAidyO0DAIBiQo%2FAyKHBmderEvp0dJYNKE%2BoZYCimZ4%2FCOvIqvglN%2FkqD4yol61IZEjvRZa4Vryu%2FCFlKw%2FbaZV7NBX4Q9r%2Fyrw%3D%3D%7Ctkp%3ABlBMUMqPk7SWZg
Coach Small City Tote Bag In Signature Canvas CU759,98.65,China,15.98,https://www.ebay.com/itm/396912790462?_skw=bag&itmmeta=01K2SM4RYCW0AVV0MKP7NM912F&hash=item5c69d88bbe:g:a0AAAeSwSM1nxrDq&itmprp=enc%3AAQAKAAAA4FkggFvd1GGDu0w3yXCmi1ez0LJJ4XycySVDXvPS9ziBpk9Um54S0p6runD82WBjnzeVNzvmTBC1K3Kja9pYC5R5ob5t67ZMbneKcobcGVyQMLs3xYitzT3GJ01K6UHuHI87o7uCFRvU5LmApLHERpvqCeYhkPjsBNR2HPy58RBJBx4xHieEL32I1NPh79LyZ3lsb%2BTqsPflBMF64u8E0Ujd2KgtB9tJcClitmltO567F4gXwX47rmSFrabT8BQGkZu79WZJzsBzBfm%2B1tf9N%2F%2BQrqstKZ6MrQZ5y6dQATR1%7Ctkp%3ABk9SR8qPk7SWZg
COACH CM565 Swing Zip Shoulder Bag CM565 Maple Women's Bag Outlet New,200.0,Japan,0.0,https://www.ebay.com/itm/406015990501?_skw=bag&epid=12065209011&itmmeta=01K2SM4RYCTYQDJZR41G0XNPXT&hash=item5e88705ae5:g:pzsAAeSwO1loZdCQ&itmprp=enc%3AAQAKAAAA4FkggFvd1GGDu0w3yXCmi1dzVFA0d0aDXDpzGgFJ%2BHpM0v9CUlUKl2jqCrp4Xi1qZ3RCWdfaWWkjiF%2B%2Bw54sR1683xCf666R%2FdF4301dfcbojgf2EHnZZKPuzWPbY2ipd8XLCvPjVstaVDXi9FwiFwpvkVCEe1BIAKa2Ci1GvGCI%2F71LJECjD0BOhBaf9bc%2Fn5g5rJQTEzx9%2FrEsuDCQ%2B4IoqREJk9meJYht9fNlhe8AXeX41IoGqpzVrbxWfECg8Na8SBFJ5uo8KmQyvpFdw1I5BxrZfFjK4Dav8ZaUxG9I%7Ctkp%3ABk9SR8qPk7SWZg
Frida Kahlo Handmade Cotton Quilted Shoulder Market Grocery Bag For Women,24.5,India,0.0,https://www.ebay.com/itm/326640050340?_skw=bag&itmmeta=01K2SM4RYC9HAXQ5G7T9ERFWW4&hash=item4c0d43a0a4:g:wFgAAeSwlwJoXurT&itmprp=enc%3AAQAKAAAA4FkggFvd1GGDu0w3yXCmi1fjCUglkcyhzmjLf3LTlf4aX0wJOOVRSKfFEj3ww3vKr%2BOXPDn0IppP74tZdwnGya6%2F3dgt%2FezVGmxvW8w6Lu3%2FCfA0TZZhrWUb5mTdSGoG%2FSM2Ed2ylFdhN4KhbQo03uHCRnyNGppcvMzKwJrnlkrzWotjyatWP8pMEsiP7oiBotrUxojddWIndxhhO1GLU4PS%2FjyIUZwLDXkJvrBKWdr%2BcSh3xLk7r6hJeWbTcrEQUK74Ap3Q1gFdlg5VXSvqN4QDmLww7nSEEowgCZUG8shp%7Ctkp%3ABk9SR8qPk7SWZg
Givenchy Antigona Black Leather Handbag 2Way Shoulder Crossbody Bag Authentic,520.0,Japan,0.0,https://www.ebay.com/itm/236218953322?_skw=bag&itmmeta=01K2SM4RYCC2PQVN7X53A71QNG&hash=item36ffbf2e6a:g:fWUAAeSw7QVofw~-&itmprp=enc%3AAQAKAAAAwFkggFvd1GGDu0w3yXCmi1eYUw1YjsHq7vGTd9DjR9h%2BXgj39jNeMIKr0Z4fuY7U9AUchPgg9LINVFDpaCEBB9VS7rbTVd6%2F%2BOmbdsppb%2FgviLNQprP%2F2ENiXqA5eKAC94oQs104tg7u8L2ppXC0BBCOvYqncaYtU6mBdH%2Fp7wflfbvMyMISWiBAtpZ5eW%2Bovs3t5cAkok1vi2nvFqQR2113UwjfR064jQC3v8bRV4SPMQXYx7F1rYhPbuRyWqWBBw%3D%3D%7Ctkp%3ABk9SR8qPk7SWZg
Eevee Cosplay Bag,136.65,Australia,0.0,https://www.ebay.com/itm/325919745826?_skw=bag&itmmeta=01K2SM4RYC5BBGTFE2KF0Y5W6J&hash=item4be254a722:g:rBkAAOSwob5l0Cmv&itmprp=enc%3AAQAKAAAAwFkggFvd1GGDu0w3yXCmi1fY%2FI%2F%2BYaF%2FYQILQkbexI9NTBK1OUnra%2B%2BBly9mAVq7JB%2F6yBKCrqIsALJGTtKPduaiklK4fgm6%2FIoyvi7qywFnQHFVW16oaLyhwgkmrzY8EOBGKHhzyLUcMGqumRGdRQIl4qxXiXB03SbVYNxJBewVpp4ayPngG4zCrd94UuZz32OhbgKFu2LtOZ7mLM%2B0i8Q57scJBQwwP5kqwT94eOq58%2FHjFm97tEjZNTFbxMZt7g%3D%3D%7Ctkp%3ABk9SR8qPk7SWZg
THE NORTH FACE Purple Label‚Äã‚Äã‚Äã‚Äã‚Äã‚Äã‚Äã Mountain Wind Backpack Black,74.83,Australia,5.3,https://www.ebay.com/itm/127311532740?_skw=bag&itmmeta=01K2SM4RYCA3FMSWQRH6AB2FKH&hash=item1da45bd2c4:g:X7AAAeSwKxhooAbc&itmprp=enc%3AAQAKAAAA4FkggFvd1GGDu0w3yXCmi1cWorjdQQhdoc5F9jqK6aPSLXz6B2Ig%2BgXoAQr8oobhSqkxtZQtQqL2%2BEolFmQ8msjW8Rv8k8pYAxXrlgtY6OjnryVybawX0cqK3VvnMiWERfnafDL2KQHe%2FUEObBonU92f3GlOXEBsulicOBiTHGDf7XzWmgZ4gJfLBAVrXqluc%2FnR7gtfrb%2FwdPjf2K%2B5%2FMD2vh2FobW3f%2FlZ2XtLB4dth2aGZcKMfsxeW0NcLOY0GmcnqXSyzHSM8%2F7axQ0SnhSsaTzOfHQaywgc3Lk00J5y%7Ctkp%3ABk9SR8qPk7SWZg
COACH Tabby CP149 Shoulder Bag 20 Quilted Black Silver New Outlet,144.75,Japan,5.0,https://www.ebay.com/itm/136256359993?_skw=bag&itmmeta=01K2SM4RYCMPPRF360BW92XGTA&hash=item1fb9830e39:g:-IQAAeSwsh9ojWHj&itmprp=enc%3AAQAKAAAA4FkggFvd1GGDu0w3yXCmi1dx0%2F%2BxAw%2Bshz2Gtleff6vO5uY11tYR6OMV%2BT48CqWA1FlLUvYo2LB%2FgokvSn4IHfI7f7rLvnDaFh00abA41a5fKMTWUBVOxuncDchCwBiOWI2NJ7CyzhAoUcrWXJqVt4RUbwCWVPfx13TFTzIcU2kipsvYhcBkTeyUqR2aUmJ6c1%2BB3mwMuRmRKHySRJoR5y4xqYxKsLVo5WJcg8Xy3mGyAcEl2gNL2I%2BjseF%2Fk3YvsnDWdUyzByCiWc1n%2BS9SDI19DM0XLg0CArphXhmC6dkK%7Ctkp%3ABk9SR8qPk7SWZg
Longchamp Le Pliage Energy Shoulder Tote Bag 2Way Bag XS Beige Pink Outlet NEW,105.49,Japan,12.0,https://www.ebay.com/itm/236185176510?_skw=bag&itmmeta=01K2SM4RYCFTTS30PDAPNHY9RS&hash=item36fdbbc9be:g:OG8AAeSwPFxoajtI&itmprp=enc%3AAQAKAAAA4FkggFvd1GGDu0w3yXCmi1d0gUUhC63TdHxzlRGd4tRLprEI%2BfM%2FFTgoW1yDLjaiWOdqz1sbU9dsBqZl4RZmeCMxHrVd4%2FWQ%2FK5d%2BPlBaQigTSm%2Bw2ot%2BDkrJ0zgPf6dbfEAu8ZEQ0A7q2U29xtC3ks5icd7%2B%2BTIcq2KYfNeyrYpBGr99kDIw28w0qNlPNHPg17k5ukEuzbSxYKLOXCDtcSPOCOLpv6Mcm8fTkGeJFmW5ezf9F8M6MC3mlV2ydvGQOa2S4ofwHQ26yUL91EZJCuOBgXaaoZnObqjxlH1DhQz%7Ctkp%3ABk9SR8yPk7SWZg
Soho Bag 25 In Signature Jacquard Oak Maple CAN45 Outlet NEW,135.9,China,5.0,https://www.ebay.com/itm/205620002738?_skw=bag&itmmeta=01K2SM4RYCS51P2R79V9ZZ144P&hash=item2fdfe83fb2:g:M48AAOSwRGxoKVNi&itmprp=enc%3AAQAKAAAA4FkggFvd1GGDu0w3yXCmi1eXLwAjwjL6Vps--sPT%2BgswasByD7VPvUPHrhvDzPKTiFB1NGgcmfQFh%2BJ040MU5skxcYLVxUs94yjazFYJ52nmvkUzlay1JswdvbO3i9N80VICDPpqN%2F5yz3QOWoTSGOvKFtwLND5F5H7o0xyOhg9ReSUuXyegMECdJnEOlT1PW2FZ6GwSZZieRTm3YMW3HrQC%2BO4gDsuMEdR0AI3WO6WLQGuDwUucv1kdyBHTdu8eVDYcxnDbDQZ%2BpJM56qYrEyfj0nK9pHQHojuJhA7t%2B1oq%7Ctkp%3ABk9SR8yPk7SWZg
Women PVC Waterproof Shopping Storage Harrods London Shoulder Bag Handbags HOT,23.88,China,7.99,https://www.ebay.com/itm/374172249199?_skw=bag&itmmeta=01K2SM4RYCM7WC19RHPGYKB82X&hash=item571e676c6f:g:Fi8AAOSwBexiy~CV&itmprp=enc%3AAQAKAAAAwFkggFvd1GGDu0w3yXCmi1eY7C4%2FVqNHsiXoG7NnuLmafCts%2Fz%2FwA1Sh8pVacARQRJsyUhxyR4jV2uUaaR9OjPcFuP71UYxgJ5FD865gPzFk8IQJyaJ4IUAPQDvpiZ22avu7i6DhRDN%2FlUVTfZBmQJyAt6nV3ySIY0dyevKd%2BKIKEC2Mudw2b8jYGu7b6mXNYZNIg4RT7CM9iJgt8hfdIHXYao65%2Bl5SCgYGDCMaxSZVXdMgXJZ2%2FuRMpcKWnVNvJw%3D%3D%7Ctkp%3ABk9SR8yPk7SWZg
STELLA McCARTNEY Mini Tote Bag Punching Logo Crossbody Bag 3 Colors Outlet,199.39,Japan,10.0,https://www.ebay.com/itm/205119658568?_skw=bag&itmmeta=01K2SM4RYC4AYYDE5B69DMYVRC&hash=item2fc2159a48:g:6l0AAOSwEb1nPh2U&itmprp=enc%3AAQAKAAAAwFkggFvd1GGDu0w3yXCmi1duBWxoYqkM8ByiCQE1PdBmQf9uNZo0Wxo1zoL9FbW%2B42tF2QzR0Hg9pun2S6Kl4N7M6WLLL6EECrXu81rbOeZ2ermE52mPgVQ%2BBptnMCDkc2VPm4riBRs7cg0lQxP%2BCszIlqEMEWzZBVVqY29PVN4zhSMjfp%2FHEFTtJKKxwJV8LILSVhDqXbTVbYfPkWupl73YtyST0CdG%2BWFLSLsIZ3xvx50%2BJeIcUI8FfbJizZj9KA%3D%3D%7Ctkp%3ABk9SR8yPk7SWZg
COACH CY699 Handbag Shoulder Bag Signature Denim Cotton Denim Blue Women,163.48,Japan,30.0,https://www.ebay.com/itm/286635813554?_skw=bag&itmmeta=01K2SM4RYCFAXDA47HHCE4QF4F&hash=item42bcd36ab2:g:YJYAAOSwD2VoRiP2&itmprp=enc%3AAQAKAAAA4FkggFvd1GGDu0w3yXCmi1fAyvzL77kEQWHPWqMINcuALgX2jM3%2FIO1RpRejzGQGIbKBkKUdDGiSX5reAebH0dn84MEUDlz81ISIPo%2BWT6cRNwlRL44cpdm53qahdYDu2ziRKMqcvRNVpE1IiROIXb2yA5i%2Fmiyk89ofkg41CbDkvQsI2fatHd6A2bzyjpE6xKL2v6loqmB6%2B%2BS62TZTAtYExPDdmpW3LZpnoh%2Bq6Xi1o4F4B1G8tmg%2BoBUoNiE6RF%2BGY5EGtgtajfcCzq%2FbI95o4hjmszMfLLR6E9Ok2xUY%7Ctkp%3ABk9SR8yPk7SWZg
CR Thirty One Medium Large Utility tote Beach Picnic Laundry Basket Storage Bag,29.99,China,0.0,https://www.ebay.com/itm/285536574853?_skw=bag&itmmeta=01K2SM4RYC6C9M347TQ5AP4WZ6&hash=item427b4e5d85:g:bXAAAOSwOLFgNbip&itmprp=enc%3AAQAKAAAA4FkggFvd1GGDu0w3yXCmi1dvMDcsydPeCE7vjVxdXJ0ijVg9tXz3ep6uhkSwPktX1tkksn8w2xwij38IV87SGM1PKnn7GpPhkhma9wwKsZAgqrHBO%2BkBPzCIAP28V3jWv4tdlN1x%2FnZd6rcrWAAtD3YXg44grCabM5vYhLssAHgCqsgZ7FpIdZhVu7X%2F5Bbge1XmxaB4tbB2EZbw2GRYErk8L%2Bo%2F15LlXEfA8eM3IGT%2Bw5wxHipmWjK7b%2F2Tn%2BmOEA%2Fzwn393tIMYIZHADXgx2fYd22cUhNrjXgQLqRnjEJg%7Ctkp%3ABk9SR8yPk7SWZg
LONGCHAMP Le Pliage Xtra  medium Hobo Bag Beige  - Leather New,165.0,Japan,0.0,https://www.ebay.com/itm/405696538671?_skw=bag&itmmeta=01K2SM4RYCADBADX4JEFTWS37Z&hash=item5e7565e82f:g:dNIAAOSw2yRn4~CP&itmprp=enc%3AAQAKAAAA4FkggFvd1GGDu0w3yXCmi1c4Yuug5Je%2F60AKZBvKbAzAyQH%2BJfCxxopp6W4RDN3AsLxbVJvRK4JJFPyJogOZR%2FOPt%2B%2FpOYhISLjeI%2Blte%2BUosI6LfD0m%2BsQJFtvnekIFQDDQ8tK1n6nOrRC%2FgyQbdmZlO7OZPrxB%2FpL6t8xYnHdbPvp0eWLGom64gZWSMWEF0xBskfLQ6vGgwkgNXaN91F%2BKmpVopUVKFYHUZn9QFTlCAYociNanhHqJrF3aJpuisNTRdL%2B4h7tBW1aXWKSuMCPQYllvfshSKYtLFVrPfkwy%7Ctkp%3ABk9SR8yPk7SWZg
COACH CAF82 Teri Shoulder Bag Signature Denim Women's Bag Outlet NEW,160.0,Japan,0.0,https://www.ebay.com/itm/406024221369?_skw=bag&epid=21075236393&itmmeta=01K2SM4RYCGVC6DB1GV22AEG7D&hash=item5e88edf2b9:g:vQwAAeSwMK1oaevd&itmprp=enc%3AAQAKAAAAwFkggFvd1GGDu0w3yXCmi1dTXGxz55cPMNRdv6Y20%2Bk%2FPfnhmlBnViVUfMrYm6bxY6RgWCsFvgTeIZVHIh2IYiiAwDHFuYBUzMGMjN3wi5Xc%2BTUzhkB1H4GI3mPPvh5dA9%2Ff867d%2Bv9KMOO90WoUQdbSwQO8pEa7VptBgmNBed4GTie43YZ%2BPTLUU2fNUKQ3CqlnadDifdUT59LIFhJqr1a8iOrcqQly57dozZ4UbHwAU5p2pf0UkWYD8o62hhqKFg%3D%3D%7Ctkp%3ABk9SR8yPk7SWZg
Vivienne Westwood ARCHIVE ORB Chain Handbag shoulder chain bag,148.0,Japan,10.0,https://www.ebay.com/itm/126974663809?_skw=bag&itmmeta=01K2SM4RYCTF9Y89Y49SXZN14E&hash=item1d90479c81:g:I-wAAOSw5-Nnxxjf&itmprp=enc%3AAQAKAAAAwFkggFvd1GGDu0w3yXCmi1eRm19p2NVkQZA4rjJoKT6HC5a82xGpjKj2XVhxwBoCnLFoSVU2d62%2B03mYjNdpfkijbrTZyyoYh5OldfNPwumuTRlIHtmYqexu2STaGU8NzjaHMtNZEFKSJbx2pxmD0oiNBBwjOuYFer1fIg5NIFapVhkZdaSl2RMCVv90ZrCNgComOmVo1DzyOmJdHxVbmwK4Ht8Zg5o7H5rCbPSPAD%2B0HhSjx8gi9asJTwjgilcNjw%3D%3D%7Ctkp%3ABk9SR8yPk7SWZg
* A BATHNIG APE Ladies' Goods MULTI CAMO MINI SHOULDER BAG 1L80290001,369.0,Japan,26.0,https://www.ebay.com/itm/236191492001?_skw=bag&itmmeta=01K2SM4RYCVVJRP0AV90BQ94WE&hash=item36fe1c27a1:g:ZhEAAeSwTUtobuML&itmprp=enc%3AAQAKAAAAwFkggFvd1GGDu0w3yXCmi1f369nNO6L%2FEE4rDNEJ%2FpNgk%2BLDlGaOrMA2OVC76BUBRGlgAwG0hmxA042J6XtFNR%2FXrNHyRStJNyIjCJk90ArXblFKavksZxYraWPWgyItjzM7qeG1iK%2Bty645KNEM%2F%2BlaCbVAThpvSbWiAZS3kOf9YJc%2BsiYUOSMhiGAJ0tVZgYx2Dc9vG7Bt8rZfG6HZFlszrhfWZWg8SX15vjsvLSdM3tmrwEl7Z5hp8g5%2BN0DmNA%3D%3D%7Ctkp%3ABk9SR8yPk7SWZg
„ÄêNEW„ÄëLongchamp Le Pliage Cuir XS Mini Leather Shoulder Bag  Outlet Japan,111.0,Japan,0.0,https://www.ebay.com/itm/335995027635?_skw=bag&itmmeta=01K2SM4RYCRY4MCXK091FNJK1F&hash=item4e3add40b3:g:mtwAAOSwYHhoQCje&itmprp=enc%3AAQAKAAAA4FkggFvd1GGDu0w3yXCmi1evaGOVvlFDDN2fCvBqVfmsqbrqqCNkVd1r6bC04LIPkKose4znQQjncrjqFX5MvJozQH01Ju8gixbr3gXvNECiHL79AkI2mAJlh2C2e9PJ0l7ILWbzT1rwE5zSaQAphci9UW6NMDtONWqw0jc3pGDaUDl%2F5d3fnByecBNw6yuLKNxIAPMo2eY6Ee5%2BuZloRfIhWaqFaicYlvw%2FiH2OoouwcTNM1vzKb1FNxGGXBvkqjD95l055CGjncTCd5lOon2N0SlkQPR1VYU%2BRmgm8FwrK%7Ctkp%3ABk9SR8yPk7SWZg
summer tote bag,30.0,United States,16.25,https://www.ebay.com/itm/316723002677?_skw=bag&itmmeta=01K2SM4RYCR853VBNXM0TC7K1M&hash=item49be297d35:g:Y7YAAeSw5MZoDaf7&itmprp=enc%3AAQAKAAAAwFkggFvd1GGDu0w3yXCmi1cv%2BoQK66JYdn0J75rIpOnRGNAesTs1D3tPb9vPSLhcscUTaGx7NO5jY40JqVLA%2F5sexkFHGYnzBWcEp%2BF%2F1GfkiYCvqj0LzUf%2FJvFeenbgOsynsGRk4onJ8ZKb8MjCg9Sbuci8%2F%2BMpdOIDpyCNJ429E14X4%2BFi5cvhkwmgWEEkV0jHxRgYz4mvRGb%2FVOKr2e%2FiYjzn5SnbZbPsTah%2F9ReSJLuaK0Yx8XCPDV3WFNSzng%3D%3D%7Ctkp%3ABlBMUMyPk7SWZg
Off White Virgil Abloh Nylon Crossbody Shoulder Messenger Bag. SHIP SAME DAY ‚úÖ,129.99,United States,42.66,https://www.ebay.com/itm/177339000154?_skw=bag&itmmeta=01K2SM4RYC6982SAYNJZJK0MZX&hash=item294a3a655a:g:uDkAAOSwtfZnQUMT&itmprp=enc%3AAQAKAAAAwFkggFvd1GGDu0w3yXCmi1fmtuocfovi0GcFMjE0jRZxnxxaWVXMx7wLQcvvCQAX6HD6LrS3QE3EKfzCduJkR%2BPd6U05EaCY9wnmc2AxEomNKufWtw6SCMNlntnHbmfMz3m1igsriHjmBvPvUtnQg6E6y80cyYVLMYlNfBWpRPZcL581tYS7uYXQ2uNeHYBj7bF%2BKml16CVAbwj8JnZI05efbpcyrLwWuy0J%2B86H7uvLOnWg%2FuNdvtT%2BORNLoP4%2FRw%3D%3D%7Ctkp%3ABlBMUMyPk7SWZg
